Status,Country,ReactorCode,Reactor Name,Type,Grid Connection,Commercial operation,Shutdown,,,,ARMENIA,BELGIUM,BULGARIA,CANADA,FRANCE,GERMANY,ITALY,JAPAN,KAZAKHSTAN,"KOREA,REP.OF",LITHUANIA,NETHERLANDS,RUSSIA,SLOVAKIA,SPAIN,SWEDEN,SWITZERLAND,UK,UKRAINE,USA,CZECHREP.,SLOVENIA,ROMANIA,INDIA,CHINA,SOUTHAFRICA,HUNGARY,FINLAND,BRAZIL,"IRAN,ISL.REP.",ARGENTINA,PAKISTAN,MEXICO
Shut Down,ARMENIA,AM-18,ARMENIAN-1, PWR,12/1/1976,10/1/1977,2/1/1989,,1/1/1954,12/31/1954,0,0,0,0,0,0,0,0,0,0,0,0,1,0,0,0,0,0,0,0,0,0,0,0,0,0,0,0,0,0,0,0,0
Shut Down,BELGIUM,BE-1,BR-3, PWR,10/1/1962,10/1/1962,6/1/1987,,1/1/1955,12/31/1955,0,0,0,0,0,0,0,0,0,0,0,0,1,0,0,0,0,0,0,0,0,0,0,0,0,0,0,0,0,0,0,0,0
Shut Down,BULGARIA,BG-1,KOZLODUY-1, PWR,7/1/1974,10/1/1974,12/1/2002,,1/1/1956,12/31/1956,0,0,0,0,0,0,0,0,0,0,0,0,1,0,0,0,0,1,0,0,0,0,0,0,0,0,0,0,0,0,0,0,0
Shut Down,BULGARIA,BG-2,KOZLODUY-2, PWR,8/1/1975,11/1/1975,12/1/2002,,1/1/1957,12/31/1957,0,0,0,0,0,0,0,0,0,0,0,0,1,0,0,0,0,2,0,2,0,0,0,0,0,0,0,0,0,0,0,0,0
Shut Down,BULGARIA,BG-3,KOZLODUY-3, PWR,12/1/1980,1/1/1981,12/1/2006,,1/1/1958,12/31/1958,0,0,0,0,0,0,0,0,0,0,0,0,1,0,0,0,0,3,0,2,0,0,0,0,0,0,0,0,0,0,0,0,0
Shut Down,BULGARIA,BG-4,KOZLODUY-4, PWR,5/1/1982,6/1/1982,12/1/2006,,1/1/1959,12/31/1959,0,0,0,0,1,0,0,0,0,0,0,0,1,0,0,0,0,7,0,2,0,0,0,0,0,0,0,0,0,0,0,0,0
Shut Down,CANADA,CA-2,DOUGLAS POINT, PHWR,1/1/1967,9/1/1968,5/1/1984,,1/1/1960,12/31/1960,0,0,0,0,2,0,0,0,0,0,0,0,1,0,0,0,0,8,0,4,0,0,0,0,0,0,0,0,0,0,0,0,0
Shut Down,CANADA,CA-3,GENTILLY-1, HWLWR,4/1/1971,5/1/1972,6/1/1977,,1/1/1961,12/31/1961,0,0,0,0,2,1,0,0,0,0,0,0,1,0,0,0,0,8,0,4,0,0,0,0,0,0,0,0,0,0,0,0,0
Shut Down,CANADA,CA-12,GENTILLY-2, PHWR,12/1/1982,10/1/1983,12/1/2012,,1/1/1962,12/31/1962,0,1,0,1,2,1,0,0,0,0,0,0,1,0,0,0,0,13,0,6,0,0,0,0,0,0,0,0,0,0,0,0,0
Shut Down,CANADA,CA-5,PICKERING-2, PHWR,10/1/1971,12/1/1971,5/1/2007,,1/1/1963,12/31/1963,0,1,0,1,3,1,1,1,0,0,0,0,1,0,0,0,0,14,0,11,0,0,0,0,0,0,0,0,0,0,0,0,0
Shut Down,CANADA,CA-6,PICKERING-3, PHWR,5/1/1972,6/1/1972,10/1/2008,,1/1/1964,12/31/1964,0,1,0,1,3,1,3,1,0,0,0,0,3,0,0,1,0,16,0,11,0,0,0,0,0,0,0,0,0,0,0,0,0
Shut Down,CANADA,CA-1,ROLPHTON NPD, PHWR,6/1/1962,10/1/1962,8/1/1987,,1/1/1965,12/31/1965,0,1,0,1,4,1,3,2,0,0,0,0,3,0,0,1,0,22,0,10,0,0,0,0,0,0,0,0,0,0,0,0,0
Shut Down,FRANCE,FR-9,BUGEY-1, GCR,4/1/1972,7/1/1972,5/1/1994,,1/1/1966,12/31/1966,0,1,0,1,5,4,3,2,0,0,0,0,3,0,0,1,0,24,0,11,0,0,0,0,0,0,0,0,0,0,0,0,0
Shut Down,FRANCE,FR-2,CHINON A-1, GCR,6/1/1963,2/1/1964,4/1/1973,,1/1/1967,12/31/1967,0,1,0,2,7,5,3,2,0,0,0,0,4,0,0,1,0,26,0,14,0,0,0,0,0,0,0,0,0,0,0,0,0
Shut Down,FRANCE,FR-3,CHINON A-2, GCR,2/1/1965,2/1/1965,6/1/1985,,1/1/1968,12/31/1968,0,1,0,2,7,7,3,2,0,0,0,1,4,0,1,1,1,27,0,14,0,0,0,0,0,0,0,0,0,0,0,0,0
Shut Down,FRANCE,FR-4,CHINON A-3, GCR,8/1/1966,8/1/1966,6/1/1990,,1/1/1969,12/31/1969,0,1,0,2,8,8,3,3,0,0,0,1,5,0,1,1,1,27,0,15,0,0,0,2,0,0,0,0,0,0,0,0,0
Shut Down,FRANCE,FR-5,CHOOZ-A (ARDENNES), PWR,4/1/1967,4/1/1967,10/1/1991,,1/1/1970,12/31/1970,0,1,0,2,8,8,3,5,0,0,0,1,5,0,1,1,1,27,0,19,0,0,0,2,0,0,0,0,0,0,0,0,0
Shut Down,FRANCE,FR-6,EL-4 (MONTS D'ARREE), HWGCR,7/1/1967,6/1/1968,7/1/1985,,1/1/1971,12/31/1971,0,1,0,5,9,9,3,5,0,0,0,1,6,0,2,2,3,29,0,22,0,0,0,2,0,0,0,0,0,0,0,1,0
Shut Down,FRANCE,FR-1B,G-2 (MARCOULE), GCR,4/1/1959,4/1/1959,2/1/1980,,1/1/1972,12/31/1972,0,1,0,6,10,9,3,6,0,0,0,1,7,1,3,2,3,29,0,30,0,0,0,3,0,0,0,0,0,0,0,1,0
Shut Down,FRANCE,FR-1,G-3 (MARCOULE), GCR,4/1/1960,4/1/1960,6/1/1984,,1/1/1973,12/31/1973,0,1,0,7,11,11,3,8,1,0,0,2,9,1,3,2,3,29,0,38,0,0,0,3,0,0,0,0,0,0,0,1,0
Shut Down,FRANCE,FR-10,PHENIX, FBR,12/1/1973,7/1/1974,2/1/2010,,1/1/1974,12/31/1974,0,2,1,7,10,13,3,11,1,0,0,2,12,1,3,5,3,29,0,50,0,0,0,3,0,0,0,0,0,0,1,1,0
Shut Down,FRANCE,FR-7,ST. LAURENT A-1, GCR,3/1/1969,6/1/1969,4/1/1990,,1/1/1975,12/31/1975,0,4,2,7,10,12,3,13,1,0,0,2,14,1,3,5,3,30,0,54,0,0,0,3,0,0,0,0,0,0,1,1,0
Shut Down,FRANCE,FR-8,ST. LAURENT A-2, GCR,8/1/1971,11/1/1971,5/1/1992,,1/1/1976,12/31/1976,1,4,2,8,10,15,3,14,1,0,0,2,16,1,3,5,3,33,0,62,0,0,0,3,0,0,0,0,0,0,1,1,0
Shut Down,FRANCE,FR-24,SUPER-PHENIX, FBR,1/1/1986,12/1/1986,12/1/1998,,1/1/1977,12/31/1977,1,4,2,10,12,15,3,16,1,1,0,2,16,1,3,6,3,34,1,64,0,0,0,3,0,0,0,1,0,0,1,1,0
Shut Down,GERMANY,DE-4,AVR JUELICH, HTGR,12/1/1967,5/1/1969,12/1/1988,,1/1/1978,12/31/1978,1,4,2,10,14,17,4,21,1,1,0,2,16,1,3,6,3,33,2,69,0,0,0,3,0,0,0,2,0,0,1,1,0
Shut Down,GERMANY,DE-12,BIBLIS-A, PWR,8/1/1974,2/1/1975,8/1/2011,,1/1/1979,12/31/1979,1,4,2,10,16,19,4,22,1,1,0,2,18,1,3,6,4,33,2,68,0,0,0,3,0,0,0,2,0,0,1,1,0
Shut Down,GERMANY,DE-18,BIBLIS-B, PWR,4/1/1976,1/1/1977,8/1/2011,,1/1/1980,12/31/1980,2,4,3,10,23,19,4,23,1,1,0,2,20,2,3,8,4,33,3,69,0,0,0,4,0,0,0,4,0,0,1,1,0
Shut Down,GERMANY,DE-13,BRUNSBUETTEL, BWR,7/1/1976,2/1/1977,8/1/2011,,1/1/1981,12/31/1981,2,4,3,10,30,20,4,25,1,1,0,2,22,2,4,9,4,33,5,73,0,1,0,4,0,0,0,4,0,0,1,1,0
Shut Down,GERMANY,DE-23,GRAFENRHEINFELD, PWR,12/1/1981,6/1/1982,6/1/2015,,1/1/1982,12/31/1982,2,6,4,13,32,20,4,25,1,2,0,2,23,2,4,10,4,32,6,77,0,1,0,4,0,0,1,4,1,0,1,1,0
Shut Down,GERMANY,DE-502,GREIFSWALD-1, PWR,12/1/1973,7/1/1974,2/1/1990,,1/1/1983,12/31/1983,2,6,4,14,36,21,3,28,1,3,1,2,23,2,6,10,4,35,7,79,0,1,0,5,0,0,1,4,1,0,2,1,0
Shut Down,GERMANY,DE-503,GREIFSWALD-2, PWR,12/1/1974,4/1/1975,2/1/1990,,1/1/1984,12/31/1984,2,6,4,17,42,25,3,31,1,3,1,2,25,3,7,10,5,37,8,85,0,1,0,5,0,1,2,4,1,0,2,1,0
Shut Down,GERMANY,DE-504,GREIFSWALD-3, PWR,10/1/1977,5/1/1978,2/1/1990,,1/1/1985,12/31/1985,2,8,4,16,45,25,3,33,1,5,1,2,28,4,8,12,5,38,10,93,1,1,0,6,0,2,2,4,1,0,2,1,0
Shut Down,GERMANY,DE-505,GREIFSWALD-4, PWR,9/1/1979,11/1/1979,7/1/1990,,1/1/1986,12/31/1986,2,8,4,18,49,26,3,35,1,7,1,2,29,4,8,12,5,38,12,100,3,1,0,6,0,2,3,4,1,0,2,1,0
Shut Down,GERMANY,DE-506,GREIFSWALD-5, PWR,4/1/1989,11/1/1989,11/1/1989,,1/1/1987,12/31/1987,2,8,5,19,53,26,3,36,1,7,2,2,30,4,9,12,5,38,13,108,4,1,0,6,0,2,4,4,1,0,2,1,0
Shut Down,GERMANY,DE-3,GUNDREMMINGEN-A, BWR,12/1/1966,4/1/1967,1/1/1977,,1/1/1988,12/31/1988,2,7,5,18,55,28,2,38,1,8,2,2,31,4,10,12,5,41,13,109,4,1,0,6,0,2,4,4,1,0,2,1,0
Shut Down,GERMANY,DE-26,GUNDREMMINGEN-B, BWR,3/1/1984,7/1/1984,12/1/2017,,1/1/1989,12/31/1989,2,7,5,18,55,27,2,39,1,9,2,2,30,4,10,12,5,41,15,112,4,1,0,7,0,2,4,4,1,0,2,1,1
Shut Down,GERMANY,DE-7,HDR GROSSWELZHEIM, BWR,10/1/1969,8/1/1970,4/1/1971,,1/1/1990,12/31/1990,1,7,5,20,58,26,2,41,1,9,2,2,30,4,10,12,5,39,15,111,4,1,0,7,0,2,4,4,1,0,2,1,1
Shut Down,GERMANY,DE-16,ISAR-1, BWR,12/1/1977,3/1/1979,8/1/2011,,1/1/1991,12/31/1991,1,7,6,20,57,21,0,42,1,9,2,2,29,4,9,12,5,37,15,111,4,1,0,7,1,2,4,4,1,0,2,1,1
Shut Down,GERMANY,DE-8,KNK II, FBR,4/1/1978,3/1/1979,8/1/1991,,1/1/1992,12/31/1992,1,7,6,21,57,20,0,44,1,9,2,2,29,4,9,12,5,35,14,110,4,1,0,9,1,2,4,4,1,0,2,1,1
Shut Down,GERMANY,DE-20,KRUEMMEL, BWR,9/1/1983,3/1/1984,8/1/2011,,1/1/1993,12/31/1993,1,7,6,22,57,20,0,48,1,9,2,2,30,4,9,12,5,35,14,109,4,1,0,9,2,2,4,4,1,0,2,1,1
Shut Down,GERMANY,DE-6,LINGEN, BWR,7/1/1968,10/1/1968,1/1/1977,,1/1/1994,12/31/1994,1,7,6,22,57,20,0,50,1,10,2,2,30,4,9,12,5,35,14,109,4,1,0,9,3,2,4,4,1,0,2,1,2
Shut Down,GERMANY,DE-22,MUELHEIM-KAERLICH, PWR,3/1/1986,8/1/1987,9/1/1988,,1/1/1995,12/31/1995,1,7,6,22,56,19,0,51,1,11,2,2,30,4,9,12,5,35,15,109,4,1,0,10,3,2,4,4,1,0,2,1,2
Shut Down,GERMANY,DE-2,MZFR, PHWR,3/1/1966,12/1/1966,5/1/1984,,1/1/1996,12/31/1996,1,7,6,22,57,19,0,54,1,11,2,2,30,4,9,12,5,35,15,110,4,1,1,10,3,2,4,4,1,0,2,1,2
Shut Down,GERMANY,DE-15,NECKARWESTHEIM-1, PWR,6/1/1976,12/1/1976,8/1/2011,,1/1/1997,12/31/1997,1,7,6,22,59,19,0,54,1,12,2,2,30,4,9,12,5,35,14,109,4,1,1,10,3,2,4,4,1,0,2,1,2
Shut Down,GERMANY,DE-11,NIEDERAICHBACH, HWGCR,1/1/1973,1/1/1973,7/1/1974,,1/1/1998,12/31/1998,1,7,6,22,59,19,0,54,1,15,2,1,30,5,9,12,5,35,14,107,4,1,1,10,3,2,4,4,1,0,2,1,2
Shut Down,GERMANY,DE-5,OBRIGHEIM, PWR,10/1/1968,3/1/1969,5/1/2005,,1/1/1999,12/31/1999,1,7,6,22,59,19,0,53,1,16,2,1,30,6,9,12,5,35,14,104,4,1,1,11,3,2,4,4,1,0,2,1,2
Shut Down,GERMANY,DE-14,PHILIPPSBURG-1, BWR,5/1/1979,3/1/1980,8/1/2011,,1/1/2000,12/31/2000,1,7,6,22,59,19,0,53,0,16,2,1,30,6,9,11,5,35,14,104,5,1,1,14,3,2,4,4,2,0,2,2,2
Shut Down,GERMANY,DE-24,PHILIPPSBURG-2, PWR,12/1/1984,4/1/1985,12/1/2019,,1/1/2001,12/31/2001,1,7,6,22,59,19,0,54,0,17,2,1,31,6,9,11,5,33,13,104,5,1,1,14,3,2,4,4,2,0,2,2,2
Shut Down,GERMANY,DE-501,RHEINSBERG, PWR,5/1/1966,10/1/1966,6/1/1990,,1/1/2002,12/31/2002,1,7,6,22,59,19,0,54,0,18,2,1,31,6,9,11,5,33,13,104,6,1,1,14,7,2,4,4,2,0,2,2,2
Shut Down,GERMANY,DE-10,STADE, PWR,1/1/1972,5/1/1972,11/1/2003,,1/1/2003,12/31/2003,1,7,4,22,59,19,0,54,0,19,2,1,30,6,9,11,5,31,13,104,6,1,1,14,8,2,4,4,2,0,2,2,2
Shut Down,GERMANY,DE-19,THTR-300, HTGR,11/1/1985,6/1/1987,9/1/1988,,1/1/2004,12/31/2004,1,7,4,22,59,18,0,54,0,19,2,1,31,6,9,11,5,27,15,104,6,1,1,14,9,2,4,4,2,0,2,2,2
Shut Down,GERMANY,DE-17,UNTERWESER, PWR,9/1/1978,9/1/1979,8/1/2011,,1/1/2005,12/31/2005,1,7,4,22,59,18,0,56,0,20,1,1,31,6,9,11,5,23,15,104,6,1,1,15,9,2,4,4,2,0,2,2,2
Shut Down,GERMANY,DE-1,VAK KAHL, BWR,6/1/1961,2/1/1962,11/1/1985,,1/1/2006,12/31/2006,1,7,4,22,59,17,0,56,0,20,1,1,31,6,9,10,5,23,15,104,6,1,1,16,10,2,4,4,2,0,2,2,2
Shut Down,GERMANY,DE-9,WUERGASSEN, BWR,12/1/1971,11/1/1975,8/1/1994,,1/1/2007,12/31/2007,1,7,2,22,59,17,0,56,0,20,1,1,31,5,8,10,5,19,15,104,6,1,2,17,11,2,4,4,2,0,2,2,2
Shut Down,ITALY,IT-4,CAORSO, BWR,5/1/1978,12/1/1981,7/1/1990,,1/1/2008,12/31/2008,1,7,2,21,59,17,0,56,0,20,1,1,31,5,8,10,5,19,15,104,6,1,2,17,11,2,4,4,2,0,2,2,2
Shut Down,ITALY,IT-3,ENRICO FERMI, PWR,10/1/1964,1/1/1965,7/1/1990,,1/1/2009,12/31/2009,1,7,2,20,59,17,0,55,0,20,1,1,31,4,8,10,5,19,15,104,6,1,2,18,11,2,4,4,2,0,2,2,2
Shut Down,ITALY,IT-2,GARIGLIANO, BWR,1/1/1964,6/1/1964,3/1/1982,,1/1/2010,12/31/2010,1,7,2,20,59,17,0,55,0,21,0,1,32,4,8,10,5,19,15,104,6,1,2,19,13,2,4,4,2,0,2,2,2
Shut Down,ITALY,IT-1,LATINA, GCR,5/1/1963,1/1/1964,12/1/1987,,1/1/2011,12/31/2011,1,7,2,20,58,17,0,55,0,21,0,1,33,4,8,10,5,19,15,104,6,1,2,20,16,2,4,4,2,1,2,3,2
Shut Down,JAPAN,JP-20,FUGEN ATR, HWLWR,7/1/1978,3/1/1979,3/1/2003,,1/1/2012,12/31/2012,1,7,2,20,58,9,0,51,0,23,0,1,33,4,8,10,5,18,15,104,6,1,2,20,17,2,4,4,2,1,2,3,2
Shut Down,JAPAN,JP-5,FUKUSHIMA-DAIICHI-1, BWR,11/1/1970,3/1/1971,5/1/2011,,1/1/2013,12/31/2013,1,7,2,19,58,9,0,51,0,23,0,1,33,4,8,10,5,16,15,104,6,1,2,21,20,2,4,4,2,1,2,3,2
Shut Down,JAPAN,JP-9,FUKUSHIMA-DAIICHI-2, BWR,12/1/1973,7/1/1974,5/1/2011,,1/1/2014,12/31/2014,1,7,2,19,58,9,0,49,0,23,0,1,34,4,8,10,5,16,15,100,6,1,2,21,23,2,4,4,2,1,3,3,2
Shut Down,JAPAN,JP-10,FUKUSHIMA-DAIICHI-3, BWR,10/1/1974,3/1/1976,5/1/2011,,1/1/2015,12/31/2015,1,7,2,19,58,9,0,49,0,24,0,1,35,4,8,10,5,16,15,99,6,1,2,21,31,2,4,4,2,1,3,3,2
Shut Down,JAPAN,JP-16,FUKUSHIMA-DAIICHI-4, BWR,2/1/1978,10/1/1978,5/1/2011,,1/1/2016,12/31/2016,1,7,2,19,58,8,0,44,0,25,0,1,36,4,8,10,5,15,15,100,6,1,2,22,36,2,4,4,2,1,3,4,2
Shut Down,JAPAN,JP-17,FUKUSHIMA-DAIICHI-5, BWR,9/1/1977,4/1/1978,12/1/2013,,1/1/2017,12/31/2017,1,7,2,19,58,8,0,43,0,25,0,1,35,4,8,9,5,15,15,99,6,1,2,22,39,2,4,4,2,1,3,5,2
Shut Down,JAPAN,JP-18,FUKUSHIMA-DAIICHI-6, BWR,5/1/1979,10/1/1979,12/1/2013,,1/1/2018,12/31/2018,1,7,2,19,58,7,0,42,0,24,0,1,37,4,7,8,5,15,15,99,6,1,2,22,46,2,4,4,2,1,3,5,2
Shut Down,JAPAN,JP-25,FUKUSHIMA-DAINI-1, BWR,7/1/1981,4/1/1982,9/1/2019,,1/1/2019,12/31/2019,1,7,2,19,58,7,0,38,0,25,0,1,38,4,7,8,5,15,15,98,6,1,2,22,48,2,4,4,2,1,3,5,2
Shut Down,JAPAN,JP-26,FUKUSHIMA-DAINI-2, BWR,6/1/1983,2/1/1984,9/1/2019,,1/1/2020,12/31/2020,1,7,2,19,58,6,0,33,0,24,0,1,38,4,7,7,4,15,15,96,6,1,2,22,48,2,4,4,2,1,3,5,2
Shut Down,JAPAN,JP-35,FUKUSHIMA-DAINI-3, BWR,12/1/1984,6/1/1985,9/1/2019,,,,,,,,,,,,,,,,,,,,,,,,,,,,,,,,,,,,
Shut Down,JAPAN,JP-38,FUKUSHIMA-DAINI-4, BWR,12/1/1986,8/1/1987,9/1/2019,,,,,,,,,,,,,,,,,,,,,,,,,,,,,,,,,,,,
Shut Down,JAPAN,JP-12,GENKAI-1, PWR,2/1/1975,10/1/1975,4/1/2015,,,,,,,,,,,,,,,,,,,,,,,,,,,,,,,,,,,,
Shut Down,JAPAN,JP-27,GENKAI-2, PWR,6/1/1980,3/1/1981,4/1/2019,,,,,,,,,,,,,,,,,,,,,,,,,,,,,,,,,,,,
Shut Down,JAPAN,JP-11,HAMAOKA-1, BWR,8/1/1974,3/1/1976,1/1/2009,,,,,,,,,,,,,,,,,,,,,,,,,,,,,,,,,,,,
Shut Down,JAPAN,JP-24,HAMAOKA-2, BWR,5/1/1978,11/1/1978,1/1/2009,,,,,,,,,,,,,,,,,,,,,,,,,,,,,,,,,,,,
Shut Down,JAPAN,JP-23,IKATA-1, PWR,2/1/1977,9/1/1977,5/1/2016,,,,,,,,,,,,,,,,,,,,,,,,,,,,,,,,,,,,
Shut Down,JAPAN,JP-32,IKATA-2, PWR,8/1/1981,3/1/1982,5/1/2018,,,,,,,,,,,,,,,,,,,,,,,,,,,,,,,,,,,,
Shut Down,JAPAN,JP-1,JPDR, BWR,10/1/1963,3/1/1965,3/1/1976,,,,,,,,,,,,,,,,,,,,,,,,,,,,,,,,,,,,
Shut Down,JAPAN,JP-4,MIHAMA-1, PWR,8/1/1970,11/1/1970,4/1/2015,,,,,,,,,,,,,,,,,,,,,,,,,,,,,,,,,,,,
Shut Down,JAPAN,JP-6,MIHAMA-2, PWR,4/1/1972,7/1/1972,4/1/2015,,,,,,,,,,,,,,,,,,,,,,,,,,,,,,,,,,,,
Shut Down,JAPAN,JP-31,MONJU, FBR,8/1/1995,,12/1/2017,,,,,,,,,,,,,,,,,,,,,,,,,,,,,,,,,,,,
Shut Down,JAPAN,JP-15,OHI-1, PWR,12/1/1977,3/1/1979,3/1/2018,,,,,,,,,,,,,,,,,,,,,,,,,,,,,,,,,,,,
Shut Down,JAPAN,JP-19,OHI-2, PWR,10/1/1978,12/1/1979,3/1/2018,,,,,,,,,,,,,,,,,,,,,,,,,,,,,,,,,,,,
Shut Down,JAPAN,JP-22,ONAGAWA-1, BWR,11/1/1983,6/1/1984,12/1/2018,,,,,,,,,,,,,,,,,,,,,,,,,,,,,,,,,,,,
Shut Down,JAPAN,JP-7,SHIMANE-1, BWR,12/1/1973,3/1/1974,4/1/2015,,,,,,,,,,,,,,,,,,,,,,,,,,,,,,,,,,,,
Shut Down,JAPAN,JP-2,TOKAI-1, GCR,11/1/1965,7/1/1966,3/1/1998,,,,,,,,,,,,,,,,,,,,,,,,,,,,,,,,,,,,
Shut Down,JAPAN,JP-3,TSURUGA-1, BWR,11/1/1969,3/1/1970,4/1/2015,,,,,,,,,,,,,,,,,,,,,,,,,,,,,,,,,,,,
Shut Down,KAZAKHSTAN,KZ-10,AKTAU, FBR,7/1/1973,7/1/1973,4/1/1999,,,,,,,,,,,,,,,,,,,,,,,,,,,,,,,,,,,,
Shut Down,"KOREA,REP.OF",KR-1,KORI-1, PWR,6/1/1977,4/1/1978,6/1/2017,,,,,,,,,,,,,,,,,,,,,,,,,,,,,,,,,,,,
Shut Down,"KOREA,REP.OF",KR-3,WOLSONG-1, PHWR,12/1/1982,4/1/1983,12/1/2019,,,,,,,,,,,,,,,,,,,,,,,,,,,,,,,,,,,,
Shut Down,LITHUANIA,LT-46,IGNALINA-1, LWGR,12/1/1983,5/1/1985,12/1/2004,,,,,,,,,,,,,,,,,,,,,,,,,,,,,,,,,,,,
Shut Down,LITHUANIA,LT-47,IGNALINA-2, LWGR,8/1/1987,12/1/1987,12/1/2009,,,,,,,,,,,,,,,,,,,,,,,,,,,,,,,,,,,,
Shut Down,NETHERLANDS,NL-1,DODEWAARD, BWR,10/1/1968,3/1/1969,3/1/1997,,,,,,,,,,,,,,,,,,,,,,,,,,,,,,,,,,,,
Shut Down,RUSSIA,RU-1,APS-1 OBNINSK, LWGR,6/1/1954,12/1/1954,4/1/2002,,,,,,,,,,,,,,,,,,,,,,,,,,,,,,,,,,,,
Shut Down,RUSSIA,RU-3,BELOYARSK-1, LWGR,4/1/1964,4/1/1964,1/1/1983,,,,,,,,,,,,,,,,,,,,,,,,,,,,,,,,,,,,
Shut Down,RUSSIA,RU-6,BELOYARSK-2, LWGR,12/1/1967,12/1/1969,1/1/1990,,,,,,,,,,,,,,,,,,,,,,,,,,,,,,,,,,,,
Shut Down,RUSSIA,RU-141,BILIBINO-1, LWGR,1/1/1974,4/1/1974,1/1/2019,,,,,,,,,,,,,,,,,,,,,,,,,,,,,,,,,,,,
Shut Down,RUSSIA,RU-15,LENINGRAD-1, LWGR,12/1/1973,11/1/1974,12/1/2018,,,,,,,,,,,,,,,,,,,,,,,,,,,,,,,,,,,,
Shut Down,RUSSIA,RU-4,NOVOVORONEZH-1, PWR,9/1/1964,12/1/1964,2/1/1988,,,,,,,,,,,,,,,,,,,,,,,,,,,,,,,,,,,,
Shut Down,RUSSIA,RU-8,NOVOVORONEZH-2, PWR,12/1/1969,4/1/1970,8/1/1990,,,,,,,,,,,,,,,,,,,,,,,,,,,,,,,,,,,,
Shut Down,RUSSIA,RU-9,NOVOVORONEZH-3, PWR,12/1/1971,6/1/1972,12/1/2016,,,,,,,,,,,,,,,,,,,,,,,,,,,,,,,,,,,,
Shut Down,SLOVAKIA,SK-1,BOHUNICE A1, HWGCR,12/1/1972,12/1/1972,2/1/1977,,,,,,,,,,,,,,,,,,,,,,,,,,,,,,,,,,,,
Shut Down,SLOVAKIA,SK-2,BOHUNICE-1, PWR,12/1/1978,4/1/1980,12/1/2006,,,,,,,,,,,,,,,,,,,,,,,,,,,,,,,,,,,,
Shut Down,SLOVAKIA,SK-3,BOHUNICE-2, PWR,3/1/1980,1/1/1981,12/1/2008,,,,,,,,,,,,,,,,,,,,,,,,,,,,,,,,,,,,
Shut Down,SPAIN,ES-1,JOSE CABRERA-1, PWR,7/1/1968,8/1/1969,4/1/2006,,,,,,,,,,,,,,,,,,,,,,,,,,,,,,,,,,,,
Shut Down,SPAIN,ES-2,SANTA MARIA DE GARONA, BWR,3/1/1971,5/1/1971,8/1/2017,,,,,,,,,,,,,,,,,,,,,,,,,,,,,,,,,,,,
Shut Down,SPAIN,ES-3,VANDELLOS-1, GCR,5/1/1972,8/1/1972,7/1/1990,,,,,,,,,,,,,,,,,,,,,,,,,,,,,,,,,,,,
Shut Down,SWEDEN,SE-1,AGESTA, PHWR,5/1/1964,5/1/1964,6/1/1974,,,,,,,,,,,,,,,,,,,,,,,,,,,,,,,,,,,,
Shut Down,SWEDEN,SE-6,BARSEBACK-1, BWR,5/1/1975,7/1/1975,11/1/1999,,,,,,,,,,,,,,,,,,,,,,,,,,,,,,,,,,,,
Shut Down,SWEDEN,SE-8,BARSEBACK-2, BWR,3/1/1977,7/1/1977,5/1/2005,,,,,,,,,,,,,,,,,,,,,,,,,,,,,,,,,,,,
Shut Down,SWEDEN,SE-2,OSKARSHAMN-1, BWR,8/1/1971,2/1/1972,6/1/2017,,,,,,,,,,,,,,,,,,,,,,,,,,,,,,,,,,,,
Shut Down,SWEDEN,SE-3,OSKARSHAMN-2, BWR,10/1/1974,1/1/1975,12/1/2016,,,,,,,,,,,,,,,,,,,,,,,,,,,,,,,,,,,,
Shut Down,SWEDEN,SE-5,RINGHALS-2, PWR,8/1/1974,5/1/1975,12/1/2019,,,,,,,,,,,,,,,,,,,,,,,,,,,,,,,,,,,,
Shut Down,SWITZERLAND,CH-8,LUCENS, HWGCR,1/1/1968,,1/1/1969,,,,,,,,,,,,,,,,,,,,,,,,,,,,,,,,,,,,
Shut Down,SWITZERLAND,CH-2,MUEHLEBERG, BWR,7/1/1971,11/1/1972,12/1/2019,,,,,,,,,,,,,,,,,,,,,,,,,,,,,,,,,,,,
Shut Down,UK,GB-3A,BERKELEY-1, GCR,6/1/1962,6/1/1962,3/1/1989,,,,,,,,,,,,,,,,,,,,,,,,,,,,,,,,,,,,
Shut Down,UK,GB-3B,BERKELEY-2, GCR,6/1/1962,10/1/1962,10/1/1988,,,,,,,,,,,,,,,,,,,,,,,,,,,,,,,,,,,,
Shut Down,UK,GB-4A,BRADWELL-1, GCR,7/1/1962,7/1/1962,3/1/2002,,,,,,,,,,,,,,,,,,,,,,,,,,,,,,,,,,,,
Shut Down,UK,GB-4B,BRADWELL-2, GCR,7/1/1962,11/1/1962,3/1/2002,,,,,,,,,,,,,,,,,,,,,,,,,,,,,,,,,,,,
Shut Down,UK,GB-1A,CALDER HALL-1, GCR,8/1/1956,10/1/1956,3/1/2003,,,,,,,,,,,,,,,,,,,,,,,,,,,,,,,,,,,,
Shut Down,UK,GB-1B,CALDER HALL-2, GCR,2/1/1957,2/1/1957,3/1/2003,,,,,,,,,,,,,,,,,,,,,,,,,,,,,,,,,,,,
Shut Down,UK,GB-1C,CALDER HALL-3, GCR,3/1/1958,5/1/1958,3/1/2003,,,,,,,,,,,,,,,,,,,,,,,,,,,,,,,,,,,,
Shut Down,UK,GB-1D,CALDER HALL-4, GCR,4/1/1959,4/1/1959,3/1/2003,,,,,,,,,,,,,,,,,,,,,,,,,,,,,,,,,,,,
Shut Down,UK,GB-2A,CHAPELCROSS-1, GCR,2/1/1959,3/1/1959,6/1/2004,,,,,,,,,,,,,,,,,,,,,,,,,,,,,,,,,,,,
Shut Down,UK,GB-2B,CHAPELCROSS-2, GCR,7/1/1959,8/1/1959,6/1/2004,,,,,,,,,,,,,,,,,,,,,,,,,,,,,,,,,,,,
Shut Down,UK,GB-2C,CHAPELCROSS-3, GCR,11/1/1959,12/1/1959,6/1/2004,,,,,,,,,,,,,,,,,,,,,,,,,,,,,,,,,,,,
Shut Down,UK,GB-2D,CHAPELCROSS-4, GCR,1/1/1960,3/1/1960,6/1/2004,,,,,,,,,,,,,,,,,,,,,,,,,,,,,,,,,,,,
Shut Down,UK,GB-14,DOUNREAY DFR, FBR,10/1/1962,10/1/1962,3/1/1977,,,,,,,,,,,,,,,,,,,,,,,,,,,,,,,,,,,,
Shut Down,UK,GB-15,DOUNREAY PFR, FBR,1/1/1975,7/1/1976,3/1/1994,,,,,,,,,,,,,,,,,,,,,,,,,,,,,,,,,,,,
Shut Down,UK,GB-9A,DUNGENESS A-1, GCR,9/1/1965,10/1/1965,12/1/2006,,,,,,,,,,,,,,,,,,,,,,,,,,,,,,,,,,,,
Shut Down,UK,GB-9B,DUNGENESS A-2, GCR,11/1/1965,12/1/1965,12/1/2006,,,,,,,,,,,,,,,,,,,,,,,,,,,,,,,,,,,,
Shut Down,UK,GB-7A,HINKLEY POINT A-1, GCR,2/1/1965,3/1/1965,5/1/2000,,,,,,,,,,,,,,,,,,,,,,,,,,,,,,,,,,,,
Shut Down,UK,GB-7B,HINKLEY POINT A-2, GCR,3/1/1965,5/1/1965,5/1/2000,,,,,,,,,,,,,,,,,,,,,,,,,,,,,,,,,,,,
Shut Down,UK,GB-6A,HUNTERSTON A-1, GCR,2/1/1964,2/1/1964,3/1/1990,,,,,,,,,,,,,,,,,,,,,,,,,,,,,,,,,,,,
Shut Down,UK,GB-6B,HUNTERSTON A-2, GCR,6/1/1964,7/1/1964,12/1/1989,,,,,,,,,,,,,,,,,,,,,,,,,,,,,,,,,,,,
Shut Down,UK,GB-11A,OLDBURY A-1, GCR,11/1/1967,12/1/1967,2/1/2012,,,,,,,,,,,,,,,,,,,,,,,,,,,,,,,,,,,,
Shut Down,UK,GB-11B,OLDBURY A-2, GCR,4/1/1968,9/1/1968,6/1/2011,,,,,,,,,,,,,,,,,,,,,,,,,,,,,,,,,,,,
Shut Down,UK,GB-10A,SIZEWELL A-1, GCR,1/1/1966,3/1/1966,12/1/2006,,,,,,,,,,,,,,,,,,,,,,,,,,,,,,,,,,,,
Shut Down,UK,GB-10B,SIZEWELL A-2, GCR,4/1/1966,9/1/1966,12/1/2006,,,,,,,,,,,,,,,,,,,,,,,,,,,,,,,,,,,,
Shut Down,UK,GB-8A,TRAWSFYNYDD-1, GCR,1/1/1965,3/1/1965,2/1/1991,,,,,,,,,,,,,,,,,,,,,,,,,,,,,,,,,,,,
Shut Down,UK,GB-8B,TRAWSFYNYDD-2, GCR,2/1/1965,3/1/1965,2/1/1991,,,,,,,,,,,,,,,,,,,,,,,,,,,,,,,,,,,,
Shut Down,UK,GB-5,WINDSCALE AGR, GCR,2/1/1963,3/1/1963,4/1/1981,,,,,,,,,,,,,,,,,,,,,,,,,,,,,,,,,,,,
Shut Down,UK,GB-12,WINFRITH SGHWR, SGHWR,12/1/1967,1/1/1968,9/1/1990,,,,,,,,,,,,,,,,,,,,,,,,,,,,,,,,,,,,
Shut Down,UK,GB-13A,WYLFA-1, GCR,1/1/1971,11/1/1971,12/1/2015,,,,,,,,,,,,,,,,,,,,,,,,,,,,,,,,,,,,
Shut Down,UK,GB-13B,WYLFA-2, GCR,7/1/1971,1/1/1972,4/1/2012,,,,,,,,,,,,,,,,,,,,,,,,,,,,,,,,,,,,
Shut Down,UKRAINE,UA-25,CHERNOBYL-1, LWGR,9/1/1977,5/1/1978,11/1/1996,,,,,,,,,,,,,,,,,,,,,,,,,,,,,,,,,,,,
Shut Down,UKRAINE,UA-26,CHERNOBYL-2, LWGR,12/1/1978,5/1/1979,10/1/1991,,,,,,,,,,,,,,,,,,,,,,,,,,,,,,,,,,,,
Shut Down,UKRAINE,UA-42,CHERNOBYL-3, LWGR,12/1/1981,6/1/1982,12/1/2000,,,,,,,,,,,,,,,,,,,,,,,,,,,,,,,,,,,,
Shut Down,UKRAINE,UA-43,CHERNOBYL-4, LWGR,12/1/1983,3/1/1984,4/1/1986,,,,,,,,,,,,,,,,,,,,,,,,,,,,,,,,,,,,
Shut Down,USA,US-155,BIG ROCK POINT, BWR,12/1/1962,3/1/1963,8/1/1997,,,,,,,,,,,,,,,,,,,,,,,,,,,,,,,,,,,,
Shut Down,USA,US-014,BONUS, BWR,8/1/1964,9/1/1965,6/1/1968,,,,,,,,,,,,,,,,,,,,,,,,,,,,,,,,,,,,
Shut Down,USA,US-302,CRYSTAL RIVER-3, PWR,1/1/1977,3/1/1977,2/1/2013,,,,,,,,,,,,,,,,,,,,,,,,,,,,,,,,,,,,
Shut Down,USA,US-144,CVTR, PHWR,12/1/1963,12/1/1963,1/1/1967,,,,,,,,,,,,,,,,,,,,,,,,,,,,,,,,,,,,
Shut Down,USA,US-10,DRESDEN-1, BWR,4/1/1960,7/1/1960,10/1/1978,,,,,,,,,,,,,,,,,,,,,,,,,,,,,,,,,,,,
Shut Down,USA,US-011,ELK RIVER, BWR,8/1/1963,7/1/1964,2/1/1968,,,,,,,,,,,,,,,,,,,,,,,,,,,,,,,,,,,,
Shut Down,USA,US-16,FERMI-1, FBR,8/1/1966,8/1/1966,11/1/1972,,,,,,,,,,,,,,,,,,,,,,,,,,,,,,,,,,,,
Shut Down,USA,US-285,FORT CALHOUN-1, PWR,8/1/1973,9/1/1973,10/1/2016,,,,,,,,,,,,,,,,,,,,,,,,,,,,,,,,,,,,
Shut Down,USA,US-267,FORT ST. VRAIN, HTGR,12/1/1976,7/1/1979,8/1/1989,,,,,,,,,,,,,,,,,,,,,,,,,,,,,,,,,,,,
Shut Down,USA,US-018,GE VALLECITOS, BWR,10/1/1957,10/1/1957,12/1/1963,,,,,,,,,,,,,,,,,,,,,,,,,,,,,,,,,,,,
Shut Down,USA,US-213,HADDAM NECK, PWR,8/1/1967,1/1/1968,12/1/1996,,,,,,,,,,,,,,,,,,,,,,,,,,,,,,,,,,,,
Shut Down,USA,US-077,HALLAM, X,9/1/1963,11/1/1963,9/1/1964,,,,,,,,,,,,,,,,,,,,,,,,,,,,,,,,,,,,
Shut Down,USA,US-133,HUMBOLDT BAY, BWR,4/1/1963,8/1/1963,7/1/1976,,,,,,,,,,,,,,,,,,,,,,,,,,,,,,,,,,,,
Shut Down,USA,US-013,INDIAN POINT-1, PWR,9/1/1962,10/1/1962,10/1/1974,,,,,,,,,,,,,,,,,,,,,,,,,,,,,,,,,,,,
Shut Down,USA,US-305,KEWAUNEE, PWR,4/1/1974,6/1/1974,5/1/2013,,,,,,,,,,,,,,,,,,,,,,,,,,,,,,,,,,,,
Shut Down,USA,US-409,LACROSSE, BWR,4/1/1968,11/1/1969,4/1/1987,,,,,,,,,,,,,,,,,,,,,,,,,,,,,,,,,,,,
Shut Down,USA,US-309,MAINE YANKEE, PWR,11/1/1972,12/1/1972,8/1/1997,,,,,,,,,,,,,,,,,,,,,,,,,,,,,,,,,,,,
Shut Down,USA,US-245,MILLSTONE-1, BWR,11/1/1970,3/1/1971,7/1/1998,,,,,,,,,,,,,,,,,,,,,,,,,,,,,,,,,,,,
Shut Down,USA,US-219,OYSTER CREEK, BWR,9/1/1969,12/1/1969,9/1/2018,,,,,,,,,,,,,,,,,,,,,,,,,,,,,,,,,,,,
Shut Down,USA,US-130,PATHFINDER, BWR,7/1/1966,8/1/1966,10/1/1967,,,,,,,,,,,,,,,,,,,,,,,,,,,,,,,,,,,,
Shut Down,USA,US-171,PEACH BOTTOM-1, HTGR,1/1/1967,6/1/1967,11/1/1974,,,,,,,,,,,,,,,,,,,,,,,,,,,,,,,,,,,,
Shut Down,USA,US-293,PILGRIM-1, BWR,7/1/1972,12/1/1972,5/1/2019,,,,,,,,,,,,,,,,,,,,,,,,,,,,,,,,,,,,
Shut Down,USA,US-012,PIQUA, X,7/1/1963,11/1/1963,1/1/1966,,,,,,,,,,,,,,,,,,,,,,,,,,,,,,,,,,,,
Shut Down,USA,US-312,RANCHO SECO-1, PWR,10/1/1974,4/1/1975,6/1/1989,,,,,,,,,,,,,,,,,,,,,,,,,,,,,,,,,,,,
Shut Down,USA,US-206,SAN ONOFRE-1, PWR,7/1/1967,1/1/1968,11/1/1992,,,,,,,,,,,,,,,,,,,,,,,,,,,,,,,,,,,,
Shut Down,USA,US-361,SAN ONOFRE-2, PWR,9/1/1982,8/1/1983,6/1/2013,,,,,,,,,,,,,,,,,,,,,,,,,,,,,,,,,,,,
Shut Down,USA,US-362,SAN ONOFRE-3, PWR,9/1/1983,4/1/1984,6/1/2013,,,,,,,,,,,,,,,,,,,,,,,,,,,,,,,,,,,,
Shut Down,USA,US-146,SAXTON, PWR,3/1/1967,3/1/1967,5/1/1972,,,,,,,,,,,,,,,,,,,,,,,,,,,,,,,,,,,,
Shut Down,USA,US-001,SHIPPINGPORT, PWR,12/1/1957,5/1/1958,10/1/1982,,,,,,,,,,,,,,,,,,,,,,,,,,,,,,,,,,,,
Shut Down,USA,US-322,SHOREHAM, BWR,8/1/1986,8/1/1986,5/1/1989,,,,,,,,,,,,,,,,,,,,,,,,,,,,,,,,,,,,
Shut Down,USA,US-289,THREE MILE ISLAND-1, PWR,6/1/1974,9/1/1974,9/1/2019,,,,,,,,,,,,,,,,,,,,,,,,,,,,,,,,,,,,
Shut Down,USA,US-320,THREE MILE ISLAND-2, PWR,4/1/1978,12/1/1978,3/1/1979,,,,,,,,,,,,,,,,,,,,,,,,,,,,,,,,,,,,
Shut Down,USA,US-344,TROJAN, PWR,12/1/1975,5/1/1976,11/1/1992,,,,,,,,,,,,,,,,,,,,,,,,,,,,,,,,,,,,
Shut Down,USA,US-271,VERMONT YANKEE, BWR,9/1/1972,11/1/1972,12/1/2014,,,,,,,,,,,,,,,,,,,,,,,,,,,,,,,,,,,,
Shut Down,USA,US-29,YANKEE NPS, PWR,11/1/1960,7/1/1961,10/1/1991,,,,,,,,,,,,,,,,,,,,,,,,,,,,,,,,,,,,
Shut Down,USA,US-295,ZION-1, PWR,6/1/1973,12/1/1973,2/1/1998,,,,,,,,,,,,,,,,,,,,,,,,,,,,,,,,,,,,
Shut Down,USA,US-304,ZION-2, PWR,12/1/1973,9/1/1974,2/1/1998,,,,,,,,,,,,,,,,,,,,,,,,,,,,,,,,,,,,
Operational,USA,US-346,DAVIS BESSE-1,PWR,8/1/1977,7/1/1978,1/1/2021,,,,,,,,,,,,,,,,,,,,,,,,,,,,,,,,,,,,
Operational,SPAIN,ES-8,ASCO-1,PWR,8/1/1983,12/1/1984,1/1/2021,,,,,,,,,,,,,,,,,,,,,,,,,,,,,,,,,,,,
Operational,SPAIN,ES-9,ASCO-2,PWR,10/1/1985,3/1/1986,1/1/2021,,,,,,,,,,,,,,,,,,,,,,,,,,,,,,,,,,,,
Operational,SPAIN,ES-16,VANDELLOS-2,PWR,12/1/1987,3/1/1988,1/1/2021,,,,,,,,,,,,,,,,,,,,,,,,,,,,,,,,,,,,
Operational,SWITZERLAND,CH-4,GOESGEN,PWR,2/1/1979,11/1/1979,1/1/2021,,,,,,,,,,,,,,,,,,,,,,,,,,,,,,,,,,,,
Operational,CZECHREP.,CZ-23,TEMELIN-1,PWR,12/1/2000,6/1/2002,1/1/2021,,,,,,,,,,,,,,,,,,,,,,,,,,,,,,,,,,,,
Operational,CZECHREP.,CZ-24,TEMELIN-2,PWR,12/1/2002,4/1/2003,1/1/2021,,,,,,,,,,,,,,,,,,,,,,,,,,,,,,,,,,,,
Operational,SLOVENIA,SI-1,KRSKO,PWR,10/1/1981,1/1/1983,1/1/2021,,,,,,,,,,,,,,,,,,,,,,,,,,,,,,,,,,,,
Operational,ROMANIA,RO-1,CERNAVODA-1,PHWR,7/1/1996,12/1/1996,1/1/2021,,,,,,,,,,,,,,,,,,,,,,,,,,,,,,,,,,,,
Operational,ROMANIA,RO-2,CERNAVODA-2,PHWR,8/1/2007,11/1/2007,1/1/2021,,,,,,,,,,,,,,,,,,,,,,,,,,,,,,,,,,,,
Operational,INDIA,IN-25,KUDANKULAM-1,PWR,10/1/2013,12/1/2014,1/1/2021,,,,,,,,,,,,,,,,,,,,,,,,,,,,,,,,,,,,
Operational,JAPAN,JP-50,OHI-3,PWR,6/1/1991,12/1/1991,1/1/2021,,,,,,,,,,,,,,,,,,,,,,,,,,,,,,,,,,,,
Operational,JAPAN,JP-51,OHI-4,PWR,6/1/1992,2/1/1993,1/1/2021,,,,,,,,,,,,,,,,,,,,,,,,,,,,,,,,,,,,
Operational,JAPAN,JP-21,TOKAI-2,BWR,3/1/1978,11/1/1978,1/1/2021,,,,,,,,,,,,,,,,,,,,,,,,,,,,,,,,,,,,
Operational,JAPAN,JP-58,HIGASHI DORI-1 (TOHOKU),BWR,3/1/2005,12/1/2005,1/1/2021,,,,,,,,,,,,,,,,,,,,,,,,,,,,,,,,,,,,
Operational,FRANCE,FR-40,CHINON B-1,PWR,11/1/1982,2/1/1984,1/1/2021,,,,,,,,,,,,,,,,,,,,,,,,,,,,,,,,,,,,
Operational,FRANCE,FR-41,CHINON B-2,PWR,11/1/1983,8/1/1984,1/1/2021,,,,,,,,,,,,,,,,,,,,,,,,,,,,,,,,,,,,
Operational,FRANCE,FR-56,CHINON B-3,PWR,10/1/1986,3/1/1987,1/1/2021,,,,,,,,,,,,,,,,,,,,,,,,,,,,,,,,,,,,
Operational,FRANCE,FR-57,CHINON B-4,PWR,11/1/1987,4/1/1988,1/1/2021,,,,,,,,,,,,,,,,,,,,,,,,,,,,,,,,,,,,
Operational,FRANCE,FR-36,PALUEL-1,PWR,6/1/1984,12/1/1985,1/1/2021,,,,,,,,,,,,,,,,,,,,,,,,,,,,,,,,,,,,
Operational,FRANCE,FR-37,PALUEL-2,PWR,9/1/1984,12/1/1985,1/1/2021,,,,,,,,,,,,,,,,,,,,,,,,,,,,,,,,,,,,
Operational,FRANCE,FR-38,PALUEL-3,PWR,9/1/1985,2/1/1986,1/1/2021,,,,,,,,,,,,,,,,,,,,,,,,,,,,,,,,,,,,
Operational,FRANCE,FR-39,PALUEL-4,PWR,4/1/1986,6/1/1986,1/1/2021,,,,,,,,,,,,,,,,,,,,,,,,,,,,,,,,,,,,
Operational,FRANCE,FR-72,CIVAUX-1,PWR,12/1/1997,1/1/2002,1/1/2021,,,,,,,,,,,,,,,,,,,,,,,,,,,,,,,,,,,,
Operational,FRANCE,FR-73,CIVAUX-2,PWR,12/1/1999,4/1/2002,1/1/2021,,,,,,,,,,,,,,,,,,,,,,,,,,,,,,,,,,,,
Operational,FRANCE,FR-32,BLAYAIS-1,PWR,6/1/1981,12/1/1981,1/1/2021,,,,,,,,,,,,,,,,,,,,,,,,,,,,,,,,,,,,
Operational,FRANCE,FR-33,BLAYAIS-2,PWR,7/1/1982,2/1/1983,1/1/2021,,,,,,,,,,,,,,,,,,,,,,,,,,,,,,,,,,,,
Operational,FRANCE,FR-34,BLAYAIS-3,PWR,8/1/1983,11/1/1983,1/1/2021,,,,,,,,,,,,,,,,,,,,,,,,,,,,,,,,,,,,
Operational,FRANCE,FR-35,BLAYAIS-4,PWR,5/1/1983,10/1/1983,1/1/2021,,,,,,,,,,,,,,,,,,,,,,,,,,,,,,,,,,,,
Operational,FRANCE,FR-61,GOLFECH-1,PWR,6/1/1990,2/1/1991,1/1/2021,,,,,,,,,,,,,,,,,,,,,,,,,,,,,,,,,,,,
Operational,FRANCE,FR-68,GOLFECH-2,PWR,6/1/1993,3/1/1994,1/1/2021,,,,,,,,,,,,,,,,,,,,,,,,,,,,,,,,,,,,
Operational,UK,GB-18A,DUNGENESS B-1,GCR,4/1/1983,4/1/1985,1/1/2021,,,,,,,,,,,,,,,,,,,,,,,,,,,,,,,,,,,,
Operational,UK,GB-18B,DUNGENESS B-2,GCR,12/1/1985,4/1/1989,1/1/2021,,,,,,,,,,,,,,,,,,,,,,,,,,,,,,,,,,,,
Operational,SPAIN,ES-10,COFRENTES,BWR,10/1/1984,3/1/1985,1/1/2021,,,,,,,,,,,,,,,,,,,,,,,,,,,,,,,,,,,,
Operational,UK,GB-19A,HARTLEPOOL A-1,GCR,8/1/1983,4/1/1989,1/1/2021,,,,,,,,,,,,,,,,,,,,,,,,,,,,,,,,,,,,
Operational,UK,GB-19B,HARTLEPOOL A-2,GCR,10/1/1984,4/1/1989,1/1/2021,,,,,,,,,,,,,,,,,,,,,,,,,,,,,,,,,,,,
Operational,FRANCE,FR-63,PENLY-1,PWR,5/1/1990,12/1/1990,1/1/2021,,,,,,,,,,,,,,,,,,,,,,,,,,,,,,,,,,,,
Operational,FRANCE,FR-64,PENLY-2,PWR,2/1/1992,11/1/1992,1/1/2021,,,,,,,,,,,,,,,,,,,,,,,,,,,,,,,,,,,,
Operational,FRANCE,FR-17,ST. LAURENT B-1,PWR,1/1/1981,8/1/1983,1/1/2021,,,,,,,,,,,,,,,,,,,,,,,,,,,,,,,,,,,,
Operational,FRANCE,FR-23,ST. LAURENT B-2,PWR,6/1/1981,8/1/1983,1/1/2021,,,,,,,,,,,,,,,,,,,,,,,,,,,,,,,,,,,,
Operational,UK,GB-24,SIZEWELL B,PWR,2/1/1995,9/1/1995,1/1/2021,,,,,,,,,,,,,,,,,,,,,,,,,,,,,,,,,,,,
Operational,FRANCE,FR-46,FLAMANVILLE-1,PWR,12/1/1985,12/1/1986,1/1/2021,,,,,,,,,,,,,,,,,,,,,,,,,,,,,,,,,,,,
Operational,FRANCE,FR-47,FLAMANVILLE-2,PWR,7/1/1986,3/1/1987,1/1/2021,,,,,,,,,,,,,,,,,,,,,,,,,,,,,,,,,,,,
Operational,GERMANY,DE-28,GUNDREMMINGEN-C,BWR,11/1/1984,1/1/1985,1/1/2021,,,,,,,,,,,,,,,,,,,,,,,,,,,,,,,,,,,,
Operational,CHINA,CN-38,FANGCHENGGANG-1,PWR,10/1/2015,1/1/2016,1/1/2021,,,,,,,,,,,,,,,,,,,,,,,,,,,,,,,,,,,,
Operational,CHINA,CN-39,FANGCHENGGANG-2,PWR,7/1/2016,10/1/2016,1/1/2021,,,,,,,,,,,,,,,,,,,,,,,,,,,,,,,,,,,,
Operational,CHINA,CN-36,CHANGJIANG-1,PWR,11/1/2015,12/1/2015,1/1/2021,,,,,,,,,,,,,,,,,,,,,,,,,,,,,,,,,,,,
Operational,CHINA,CN-37,CHANGJIANG-2,PWR,6/1/2016,8/1/2016,1/1/2021,,,,,,,,,,,,,,,,,,,,,,,,,,,,,,,,,,,,
Operational,CHINA,CN-22,YANGJIANG-1,PWR,12/1/2013,3/1/2014,1/1/2021,,,,,,,,,,,,,,,,,,,,,,,,,,,,,,,,,,,,
Operational,CHINA,CN-23,YANGJIANG-2,PWR,3/1/2015,6/1/2015,1/1/2021,,,,,,,,,,,,,,,,,,,,,,,,,,,,,,,,,,,,
Operational,CHINA,CN-40,YANGJIANG-3,PWR,10/1/2015,1/1/2016,1/1/2021,,,,,,,,,,,,,,,,,,,,,,,,,,,,,,,,,,,,
Operational,CHINA,CN-41,YANGJIANG-4,PWR,1/1/2017,3/1/2017,1/1/2021,,,,,,,,,,,,,,,,,,,,,,,,,,,,,,,,,,,,
Operational,CHINA,CN-47,YANGJIANG-5,PWR,5/1/2018,7/1/2018,1/1/2021,,,,,,,,,,,,,,,,,,,,,,,,,,,,,,,,,,,,
Operational,CHINA,CN-48,YANGJIANG-6,PWR,6/1/2019,7/1/2019,1/1/2021,,,,,,,,,,,,,,,,,,,,,,,,,,,,,,,,,,,,
Operational,USA,US-528,PALO VERDE-1,PWR,6/1/1985,1/1/1986,1/1/2021,,,,,,,,,,,,,,,,,,,,,,,,,,,,,,,,,,,,
Operational,USA,US-529,PALO VERDE-2,PWR,5/1/1986,9/1/1986,1/1/2021,,,,,,,,,,,,,,,,,,,,,,,,,,,,,,,,,,,,
Operational,USA,US-530,PALO VERDE-3,PWR,11/1/1987,1/1/1988,1/1/2021,,,,,,,,,,,,,,,,,,,,,,,,,,,,,,,,,,,,
Operational,CHINA,CN-32,TAISHAN-1,PWR,6/1/2018,12/1/2018,1/1/2021,,,,,,,,,,,,,,,,,,,,,,,,,,,,,,,,,,,,
Operational,CHINA,CN-33,TAISHAN-2,PWR,6/1/2019,,1/1/2021,,,,,,,,,,,,,,,,,,,,,,,,,,,,,,,,,,,,
Operational,CHINA,CN-2,DAYA BAY-1,PWR,8/1/1993,2/1/1994,1/1/2021,,,,,,,,,,,,,,,,,,,,,,,,,,,,,,,,,,,,
Operational,CHINA,CN-3,DAYA BAY-2,PWR,2/1/1994,5/1/1994,1/1/2021,,,,,,,,,,,,,,,,,,,,,,,,,,,,,,,,,,,,
Operational,CHINA,CN-6,LING AO-1,PWR,2/1/2002,5/1/2002,1/1/2021,,,,,,,,,,,,,,,,,,,,,,,,,,,,,,,,,,,,
Operational,CHINA,CN-7,LING AO-2,PWR,9/1/2002,1/1/2003,1/1/2021,,,,,,,,,,,,,,,,,,,,,,,,,,,,,,,,,,,,
Operational,CHINA,CN-12,LING AO-3,PWR,7/1/2010,9/1/2010,1/1/2021,,,,,,,,,,,,,,,,,,,,,,,,,,,,,,,,,,,,
Operational,CHINA,CN-13,LING AO-4,PWR,5/1/2011,8/1/2011,1/1/2021,,,,,,,,,,,,,,,,,,,,,,,,,,,,,,,,,,,,
Operational,CHINA,CN-84,CEFR,FBR,7/1/2011,,1/1/2021,,,,,,,,,,,,,,,,,,,,,,,,,,,,,,,,,,,,
Operational,USA,US-397,COLUMBIA,BWR,5/1/1984,12/1/1984,1/1/2021,,,,,,,,,,,,,,,,,,,,,,,,,,,,,,,,,,,,
Operational,CHINA,CN-20,FUQING-1,PWR,8/1/2014,11/1/2014,1/1/2021,,,,,,,,,,,,,,,,,,,,,,,,,,,,,,,,,,,,
Operational,CHINA,CN-21,FUQING-2,PWR,8/1/2015,10/1/2015,1/1/2021,,,,,,,,,,,,,,,,,,,,,,,,,,,,,,,,,,,,
Operational,CHINA,CN-42,FUQING-3,PWR,9/1/2016,10/1/2016,1/1/2021,,,,,,,,,,,,,,,,,,,,,,,,,,,,,,,,,,,,
Operational,CHINA,CN-43,FUQING-4,PWR,7/1/2017,9/1/2017,1/1/2021,,,,,,,,,,,,,,,,,,,,,,,,,,,,,,,,,,,,
Operational,CHINA,CN-10,TIANWAN-1,PWR,5/1/2006,5/1/2007,1/1/2021,,,,,,,,,,,,,,,,,,,,,,,,,,,,,,,,,,,,
Operational,CHINA,CN-11,TIANWAN-2,PWR,5/1/2007,8/1/2007,1/1/2021,,,,,,,,,,,,,,,,,,,,,,,,,,,,,,,,,,,,
Operational,CHINA,CN-45,TIANWAN-3,PWR,12/1/2017,2/1/2018,1/1/2021,,,,,,,,,,,,,,,,,,,,,,,,,,,,,,,,,,,,
Operational,CHINA,CN-46,TIANWAN-4,PWR,10/1/2018,12/1/2018,1/1/2021,,,,,,,,,,,,,,,,,,,,,,,,,,,,,,,,,,,,
Operational,SWEDEN,SE-4,RINGHALS-1,BWR,10/1/1974,1/1/1976,1/1/2021,,,,,,,,,,,,,,,,,,,,,,,,,,,,,,,,,,,,
Operational,SWEDEN,SE-7,RINGHALS-3,PWR,9/1/1980,9/1/1981,1/1/2021,,,,,,,,,,,,,,,,,,,,,,,,,,,,,,,,,,,,
Operational,SWEDEN,SE-10,RINGHALS-4,PWR,6/1/1982,11/1/1983,1/1/2021,,,,,,,,,,,,,,,,,,,,,,,,,,,,,,,,,,,,
Operational,GERMANY,DE-31,ISAR-2,PWR,1/1/1988,4/1/1988,1/1/2021,,,,,,,,,,,,,,,,,,,,,,,,,,,,,,,,,,,,
Operational,CHINA,CN-18,NINGDE-1,PWR,12/1/2012,4/1/2013,1/1/2021,,,,,,,,,,,,,,,,,,,,,,,,,,,,,,,,,,,,
Operational,CHINA,CN-19,NINGDE-2,PWR,1/1/2014,5/1/2014,1/1/2021,,,,,,,,,,,,,,,,,,,,,,,,,,,,,,,,,,,,
Operational,CHINA,CN-34,NINGDE-3,PWR,3/1/2015,6/1/2015,1/1/2021,,,,,,,,,,,,,,,,,,,,,,,,,,,,,,,,,,,,
Operational,CHINA,CN-35,NINGDE-4,PWR,3/1/2016,7/1/2016,1/1/2021,,,,,,,,,,,,,,,,,,,,,,,,,,,,,,,,,,,,
Operational,USA,US-275,DIABLO CANYON-1,PWR,11/1/1984,5/1/1985,1/1/2021,,,,,,,,,,,,,,,,,,,,,,,,,,,,,,,,,,,,
Operational,USA,US-323,DIABLO CANYON-2,PWR,10/1/1985,3/1/1986,1/1/2021,,,,,,,,,,,,,,,,,,,,,,,,,,,,,,,,,,,,
Operational,CHINA,CN-24,FANGJIASHAN-1,PWR,11/1/2014,12/1/2014,1/1/2021,,,,,,,,,,,,,,,,,,,,,,,,,,,,,,,,,,,,
Operational,CHINA,CN-25,FANGJIASHAN-2,PWR,1/1/2015,2/1/2015,1/1/2021,,,,,,,,,,,,,,,,,,,,,,,,,,,,,,,,,,,,
Operational,CHINA,CN-1,QINSHAN-1,PWR,12/1/1991,4/1/1994,1/1/2021,,,,,,,,,,,,,,,,,,,,,,,,,,,,,,,,,,,,
Operational,CHINA,CN-4,QINSHAN 2-1,PWR,2/1/2002,4/1/2002,1/1/2021,,,,,,,,,,,,,,,,,,,,,,,,,,,,,,,,,,,,
Operational,CHINA,CN-5,QINSHAN 2-2,PWR,3/1/2004,5/1/2004,1/1/2021,,,,,,,,,,,,,,,,,,,,,,,,,,,,,,,,,,,,
Operational,CHINA,CN-14,QINSHAN 2-3,PWR,8/1/2010,10/1/2010,1/1/2021,,,,,,,,,,,,,,,,,,,,,,,,,,,,,,,,,,,,
Operational,CHINA,CN-15,QINSHAN 2-4,PWR,11/1/2011,12/1/2011,1/1/2021,,,,,,,,,,,,,,,,,,,,,,,,,,,,,,,,,,,,
Operational,CHINA,CN-8,QINSHAN 3-1,PHWR,11/1/2002,12/1/2002,1/1/2021,,,,,,,,,,,,,,,,,,,,,,,,,,,,,,,,,,,,
Operational,CHINA,CN-9,QINSHAN 3-2,PHWR,6/1/2003,7/1/2003,1/1/2021,,,,,,,,,,,,,,,,,,,,,,,,,,,,,,,,,,,,
Operational,CHINA,CN-30,HAIYANG-1,PWR,8/1/2018,10/1/2018,1/1/2021,,,,,,,,,,,,,,,,,,,,,,,,,,,,,,,,,,,,
Operational,CHINA,CN-31,HAIYANG-2,PWR,10/1/2018,1/1/2019,1/1/2021,,,,,,,,,,,,,,,,,,,,,,,,,,,,,,,,,,,,
Operational,CHINA,CN-16,HONGYANHE-1,PWR,2/1/2013,6/1/2013,1/1/2021,,,,,,,,,,,,,,,,,,,,,,,,,,,,,,,,,,,,
Operational,CHINA,CN-17,HONGYANHE-2,PWR,11/1/2013,5/1/2014,1/1/2021,,,,,,,,,,,,,,,,,,,,,,,,,,,,,,,,,,,,
Operational,CHINA,CN-26,HONGYANHE-3,PWR,3/1/2015,8/1/2015,1/1/2021,,,,,,,,,,,,,,,,,,,,,,,,,,,,,,,,,,,,
Operational,CHINA,CN-27,HONGYANHE-4,PWR,4/1/2016,6/1/2016,1/1/2021,,,,,,,,,,,,,,,,,,,,,,,,,,,,,,,,,,,,
Operational,CHINA,CN-28,SANMEN-1,PWR,6/1/2018,9/1/2018,1/1/2021,,,,,,,,,,,,,,,,,,,,,,,,,,,,,,,,,,,,
Operational,CHINA,CN-29,SANMEN-2,PWR,8/1/2018,11/1/2018,1/1/2021,,,,,,,,,,,,,,,,,,,,,,,,,,,,,,,,,,,,
Operational,"KOREA,REP.OF",KR-7,HANBIT-1,PWR,3/1/1986,8/1/1986,1/1/2021,,,,,,,,,,,,,,,,,,,,,,,,,,,,,,,,,,,,
Operational,"KOREA,REP.OF",KR-8,HANBIT-2,PWR,11/1/1986,6/1/1987,1/1/2021,,,,,,,,,,,,,,,,,,,,,,,,,,,,,,,,,,,,
Operational,"KOREA,REP.OF",KR-11,HANBIT-3,PWR,10/1/1994,3/1/1995,1/1/2021,,,,,,,,,,,,,,,,,,,,,,,,,,,,,,,,,,,,
Operational,"KOREA,REP.OF",KR-12,HANBIT-4,PWR,7/1/1995,1/1/1996,1/1/2021,,,,,,,,,,,,,,,,,,,,,,,,,,,,,,,,,,,,
Operational,"KOREA,REP.OF",KR-17,HANBIT-5,PWR,12/1/2001,5/1/2002,1/1/2021,,,,,,,,,,,,,,,,,,,,,,,,,,,,,,,,,,,,
Operational,"KOREA,REP.OF",KR-18,HANBIT-6,PWR,9/1/2002,12/1/2002,1/1/2021,,,,,,,,,,,,,,,,,,,,,,,,,,,,,,,,,,,,
Operational,"KOREA,REP.OF",KR-2,KORI-2,PWR,4/1/1983,7/1/1983,1/1/2021,,,,,,,,,,,,,,,,,,,,,,,,,,,,,,,,,,,,
Operational,"KOREA,REP.OF",KR-5,KORI-3,PWR,1/1/1985,9/1/1985,1/1/2021,,,,,,,,,,,,,,,,,,,,,,,,,,,,,,,,,,,,
Operational,"KOREA,REP.OF",KR-6,KORI-4,PWR,12/1/1985,4/1/1986,1/1/2021,,,,,,,,,,,,,,,,,,,,,,,,,,,,,,,,,,,,
Operational,"KOREA,REP.OF",KR-21,SHIN-KORI-1,PWR,8/1/2010,2/1/2011,1/1/2021,,,,,,,,,,,,,,,,,,,,,,,,,,,,,,,,,,,,
Operational,"KOREA,REP.OF",KR-22,SHIN-KORI-2,PWR,1/1/2012,7/1/2012,1/1/2021,,,,,,,,,,,,,,,,,,,,,,,,,,,,,,,,,,,,
Operational,"KOREA,REP.OF",KR-25,SHIN-KORI-3,PWR,1/1/2016,12/1/2016,1/1/2021,,,,,,,,,,,,,,,,,,,,,,,,,,,,,,,,,,,,
Operational,"KOREA,REP.OF",KR-26,SHIN-KORI-4,PWR,4/1/2019,8/1/2019,1/1/2021,,,,,,,,,,,,,,,,,,,,,,,,,,,,,,,,,,,,
Operational,"KOREA,REP.OF",KR-9,HANUL-1,PWR,4/1/1988,9/1/1988,1/1/2021,,,,,,,,,,,,,,,,,,,,,,,,,,,,,,,,,,,,
Operational,"KOREA,REP.OF",KR-10,HANUL-2,PWR,4/1/1989,9/1/1989,1/1/2021,,,,,,,,,,,,,,,,,,,,,,,,,,,,,,,,,,,,
Operational,"KOREA,REP.OF",KR-13,HANUL-3,PWR,1/1/1998,8/1/1998,1/1/2021,,,,,,,,,,,,,,,,,,,,,,,,,,,,,,,,,,,,
Operational,"KOREA,REP.OF",KR-14,HANUL-4,PWR,12/1/1998,12/1/1999,1/1/2021,,,,,,,,,,,,,,,,,,,,,,,,,,,,,,,,,,,,
Operational,"KOREA,REP.OF",KR-19,HANUL-5,PWR,12/1/2003,7/1/2004,1/1/2021,,,,,,,,,,,,,,,,,,,,,,,,,,,,,,,,,,,,
Operational,"KOREA,REP.OF",KR-20,HANUL-6,PWR,1/1/2005,4/1/2005,1/1/2021,,,,,,,,,,,,,,,,,,,,,,,,,,,,,,,,,,,,
Operational,"KOREA,REP.OF",KR-23,SHIN-WOLSONG-1,PWR,1/1/2012,7/1/2012,1/1/2021,,,,,,,,,,,,,,,,,,,,,,,,,,,,,,,,,,,,
Operational,"KOREA,REP.OF",KR-24,SHIN-WOLSONG-2,PWR,2/1/2015,7/1/2015,1/1/2021,,,,,,,,,,,,,,,,,,,,,,,,,,,,,,,,,,,,
Operational,"KOREA,REP.OF",KR-4,WOLSONG-2,PHWR,4/1/1997,7/1/1997,1/1/2021,,,,,,,,,,,,,,,,,,,,,,,,,,,,,,,,,,,,
Operational,"KOREA,REP.OF",KR-15,WOLSONG-3,PHWR,3/1/1998,7/1/1998,1/1/2021,,,,,,,,,,,,,,,,,,,,,,,,,,,,,,,,,,,,
Operational,"KOREA,REP.OF",KR-16,WOLSONG-4,PHWR,5/1/1999,10/1/1999,1/1/2021,,,,,,,,,,,,,,,,,,,,,,,,,,,,,,,,,,,,
Operational,JAPAN,JP-45,GENKAI-3,PWR,6/1/1993,3/1/1994,1/1/2021,,,,,,,,,,,,,,,,,,,,,,,,,,,,,,,,,,,,
Operational,JAPAN,JP-46,GENKAI-4,PWR,11/1/1996,7/1/1997,1/1/2021,,,,,,,,,,,,,,,,,,,,,,,,,,,,,,,,,,,,
Operational,JAPAN,JP-28,SENDAI-1,PWR,9/1/1983,7/1/1984,1/1/2021,,,,,,,,,,,,,,,,,,,,,,,,,,,,,,,,,,,,
Operational,JAPAN,JP-37,SENDAI-2,PWR,4/1/1985,11/1/1985,1/1/2021,,,,,,,,,,,,,,,,,,,,,,,,,,,,,,,,,,,,
Operational,JAPAN,JP-47,IKATA-3,PWR,3/1/1994,12/1/1994,1/1/2021,,,,,,,,,,,,,,,,,,,,,,,,,,,,,,,,,,,,
Operational,JAPAN,JP-41,SHIMANE-2,BWR,7/1/1988,2/1/1989,1/1/2021,,,,,,,,,,,,,,,,,,,,,,,,,,,,,,,,,,,,
Operational,JAPAN,JP-8,TAKAHAMA-1,PWR,3/1/1974,11/1/1974,1/1/2021,,,,,,,,,,,,,,,,,,,,,,,,,,,,,,,,,,,,
Operational,JAPAN,JP-13,TAKAHAMA-2,PWR,1/1/1975,11/1/1975,1/1/2021,,,,,,,,,,,,,,,,,,,,,,,,,,,,,,,,,,,,
Operational,JAPAN,JP-29,TAKAHAMA-3,PWR,5/1/1984,1/1/1985,1/1/2021,,,,,,,,,,,,,,,,,,,,,,,,,,,,,,,,,,,,
Operational,JAPAN,JP-30,TAKAHAMA-4,PWR,11/1/1984,6/1/1985,1/1/2021,,,,,,,,,,,,,,,,,,,,,,,,,,,,,,,,,,,,
Operational,JAPAN,JP-14,MIHAMA-3,PWR,2/1/1976,12/1/1976,1/1/2021,,,,,,,,,,,,,,,,,,,,,,,,,,,,,,,,,,,,
Operational,JAPAN,JP-34,TSURUGA-2,PWR,6/1/1986,2/1/1987,1/1/2021,,,,,,,,,,,,,,,,,,,,,,,,,,,,,,,,,,,,
Operational,JAPAN,JP-48,SHIKA-1,BWR,1/1/1993,7/1/1993,1/1/2021,,,,,,,,,,,,,,,,,,,,,,,,,,,,,,,,,,,,
Operational,JAPAN,JP-59,SHIKA-2,BWR,7/1/2005,3/1/2006,1/1/2021,,,,,,,,,,,,,,,,,,,,,,,,,,,,,,,,,,,,
Operational,JAPAN,JP-36,HAMAOKA-3,BWR,1/1/1987,8/1/1987,1/1/2021,,,,,,,,,,,,,,,,,,,,,,,,,,,,,,,,,,,,
Operational,JAPAN,JP-49,HAMAOKA-4,BWR,1/1/1993,9/1/1993,1/1/2021,,,,,,,,,,,,,,,,,,,,,,,,,,,,,,,,,,,,
Operational,JAPAN,JP-60,HAMAOKA-5,BWR,4/1/2004,1/1/2005,1/1/2021,,,,,,,,,,,,,,,,,,,,,,,,,,,,,,,,,,,,
Operational,JAPAN,JP-33,KASHIWAZAKI KARIWA-1,BWR,2/1/1985,9/1/1985,1/1/2021,,,,,,,,,,,,,,,,,,,,,,,,,,,,,,,,,,,,
Operational,JAPAN,JP-39,KASHIWAZAKI KARIWA-2,BWR,2/1/1990,9/1/1990,1/1/2021,,,,,,,,,,,,,,,,,,,,,,,,,,,,,,,,,,,,
Operational,JAPAN,JP-52,KASHIWAZAKI KARIWA-3,BWR,12/1/1992,8/1/1993,1/1/2021,,,,,,,,,,,,,,,,,,,,,,,,,,,,,,,,,,,,
Operational,JAPAN,JP-53,KASHIWAZAKI KARIWA-4,BWR,12/1/1993,8/1/1994,1/1/2021,,,,,,,,,,,,,,,,,,,,,,,,,,,,,,,,,,,,
Operational,JAPAN,JP-40,KASHIWAZAKI KARIWA-5,BWR,9/1/1989,4/1/1990,1/1/2021,,,,,,,,,,,,,,,,,,,,,,,,,,,,,,,,,,,,
Operational,JAPAN,JP-55,KASHIWAZAKI KARIWA-6,BWR,1/1/1996,11/1/1996,1/1/2021,,,,,,,,,,,,,,,,,,,,,,,,,,,,,,,,,,,,
Operational,JAPAN,JP-56,KASHIWAZAKI KARIWA-7,BWR,12/1/1996,7/1/1997,1/1/2021,,,,,,,,,,,,,,,,,,,,,,,,,,,,,,,,,,,,
Operational,JAPAN,JP-43,TOMARI-1,PWR,12/1/1988,6/1/1989,1/1/2021,,,,,,,,,,,,,,,,,,,,,,,,,,,,,,,,,,,,
Operational,JAPAN,JP-44,TOMARI-2,PWR,8/1/1990,4/1/1991,1/1/2021,,,,,,,,,,,,,,,,,,,,,,,,,,,,,,,,,,,,
Operational,JAPAN,JP-64,TOMARI-3,PWR,3/1/2009,12/1/2009,1/1/2021,,,,,,,,,,,,,,,,,,,,,,,,,,,,,,,,,,,,
Operational,JAPAN,JP-54,ONAGAWA-2,BWR,12/1/1994,7/1/1995,1/1/2021,,,,,,,,,,,,,,,,,,,,,,,,,,,,,,,,,,,,
Operational,JAPAN,JP-57,ONAGAWA-3,BWR,5/1/2001,1/1/2002,1/1/2021,,,,,,,,,,,,,,,,,,,,,,,,,,,,,,,,,,,,
Operational,CZECHREP.,CZ-4,DUKOVANY-1,PWR,2/1/1985,5/1/1985,1/1/2021,,,,,,,,,,,,,,,,,,,,,,,,,,,,,,,,,,,,
Operational,CZECHREP.,CZ-5,DUKOVANY-2,PWR,1/1/1986,3/1/1986,1/1/2021,,,,,,,,,,,,,,,,,,,,,,,,,,,,,,,,,,,,
Operational,CZECHREP.,CZ-8,DUKOVANY-3,PWR,11/1/1986,12/1/1986,1/1/2021,,,,,,,,,,,,,,,,,,,,,,,,,,,,,,,,,,,,
Operational,CZECHREP.,CZ-9,DUKOVANY-4,PWR,6/1/1987,7/1/1987,1/1/2021,,,,,,,,,,,,,,,,,,,,,,,,,,,,,,,,,,,,
Operational,SWEDEN,SE-12,OSKARSHAMN-3,BWR,3/1/1985,8/1/1985,1/1/2021,,,,,,,,,,,,,,,,,,,,,,,,,,,,,,,,,,,,
Operational,RUSSIA,RU-142,BILIBINO-2,LWGR,12/1/1974,2/1/1975,1/1/2021,,,,,,,,,,,,,,,,,,,,,,,,,,,,,,,,,,,,
Operational,RUSSIA,RU-143,BILIBINO-3,LWGR,12/1/1975,2/1/1976,1/1/2021,,,,,,,,,,,,,,,,,,,,,,,,,,,,,,,,,,,,
Operational,RUSSIA,RU-144,BILIBINO-4,LWGR,12/1/1976,1/1/1977,1/1/2021,,,,,,,,,,,,,,,,,,,,,,,,,,,,,,,,,,,,
Operational,SLOVAKIA,SK-13,BOHUNICE-3,PWR,8/1/1984,2/1/1985,1/1/2021,,,,,,,,,,,,,,,,,,,,,,,,,,,,,,,,,,,,
Operational,SLOVAKIA,SK-14,BOHUNICE-4,PWR,8/1/1985,12/1/1985,1/1/2021,,,,,,,,,,,,,,,,,,,,,,,,,,,,,,,,,,,,
Operational,RUSSIA,RU-151,AKADEMIK LOMONOSOV-1,PWR,12/1/2019,5/1/2020,1/1/2021,,,,,,,,,,,,,,,,,,,,,,,,,,,,,,,,,,,,
Operational,RUSSIA,RU-152,AKADEMIK LOMONOSOV-2,PWR,12/1/2019,5/1/2020,1/1/2021,,,,,,,,,,,,,,,,,,,,,,,,,,,,,,,,,,,,
Operational,SWEDEN,SE-9,FORSMARK-1,BWR,6/1/1980,12/1/1980,1/1/2021,,,,,,,,,,,,,,,,,,,,,,,,,,,,,,,,,,,,
Operational,SWEDEN,SE-11,FORSMARK-2,BWR,1/1/1981,7/1/1981,1/1/2021,,,,,,,,,,,,,,,,,,,,,,,,,,,,,,,,,,,,
Operational,SWEDEN,SE-14,FORSMARK-3,BWR,3/1/1985,8/1/1985,1/1/2021,,,,,,,,,,,,,,,,,,,,,,,,,,,,,,,,,,,,
Operational,SOUTHAFRICA,ZA-1,KOEBERG-1,PWR,4/1/1984,7/1/1984,1/1/2021,,,,,,,,,,,,,,,,,,,,,,,,,,,,,,,,,,,,
Operational,SOUTHAFRICA,ZA-2,KOEBERG-2,PWR,7/1/1985,11/1/1985,1/1/2021,,,,,,,,,,,,,,,,,,,,,,,,,,,,,,,,,,,,
Operational,SLOVAKIA,SK-6,MOCHOVCE-1,PWR,7/1/1998,10/1/1998,1/1/2021,,,,,,,,,,,,,,,,,,,,,,,,,,,,,,,,,,,,
Operational,SLOVAKIA,SK-7,MOCHOVCE-2,PWR,12/1/1999,4/1/2000,1/1/2021,,,,,,,,,,,,,,,,,,,,,,,,,,,,,,,,,,,,
Operational,HUNGARY,HU-1,PAKS-1,PWR,12/1/1982,8/1/1983,1/1/2021,,,,,,,,,,,,,,,,,,,,,,,,,,,,,,,,,,,,
Operational,HUNGARY,HU-2,PAKS-2,PWR,9/1/1984,11/1/1984,1/1/2021,,,,,,,,,,,,,,,,,,,,,,,,,,,,,,,,,,,,
Operational,HUNGARY,HU-3,PAKS-3,PWR,9/1/1986,12/1/1986,1/1/2021,,,,,,,,,,,,,,,,,,,,,,,,,,,,,,,,,,,,
Operational,HUNGARY,HU-4,PAKS-4,PWR,8/1/1987,11/1/1987,1/1/2021,,,,,,,,,,,,,,,,,,,,,,,,,,,,,,,,,,,,
Operational,FRANCE,FR-20,GRAVELINES-1,PWR,3/1/1980,11/1/1980,1/1/2021,,,,,,,,,,,,,,,,,,,,,,,,,,,,,,,,,,,,
Operational,FRANCE,FR-21,GRAVELINES-2,PWR,8/1/1980,12/1/1980,1/1/2021,,,,,,,,,,,,,,,,,,,,,,,,,,,,,,,,,,,,
Operational,FRANCE,FR-27,GRAVELINES-3,PWR,12/1/1980,6/1/1981,1/1/2021,,,,,,,,,,,,,,,,,,,,,,,,,,,,,,,,,,,,
Operational,FRANCE,FR-28,GRAVELINES-4,PWR,6/1/1981,10/1/1981,1/1/2021,,,,,,,,,,,,,,,,,,,,,,,,,,,,,,,,,,,,
Operational,FRANCE,FR-51,GRAVELINES-5,PWR,8/1/1984,1/1/1985,1/1/2021,,,,,,,,,,,,,,,,,,,,,,,,,,,,,,,,,,,,
Operational,FRANCE,FR-52,GRAVELINES-6,PWR,8/1/1985,10/1/1985,1/1/2021,,,,,,,,,,,,,,,,,,,,,,,,,,,,,,,,,,,,
Operational,UK,GB-23A,TORNESS-1,GCR,5/1/1988,5/1/1988,1/1/2021,,,,,,,,,,,,,,,,,,,,,,,,,,,,,,,,,,,,
Operational,UK,GB-23B,TORNESS-2,GCR,2/1/1989,2/1/1989,1/1/2021,,,,,,,,,,,,,,,,,,,,,,,,,,,,,,,,,,,,
Operational,FRANCE,FR-22,DAMPIERRE-1,PWR,3/1/1980,9/1/1980,1/1/2021,,,,,,,,,,,,,,,,,,,,,,,,,,,,,,,,,,,,
Operational,FRANCE,FR-29,DAMPIERRE-2,PWR,12/1/1980,2/1/1981,1/1/2021,,,,,,,,,,,,,,,,,,,,,,,,,,,,,,,,,,,,
Operational,FRANCE,FR-30,DAMPIERRE-3,PWR,1/1/1981,5/1/1981,1/1/2021,,,,,,,,,,,,,,,,,,,,,,,,,,,,,,,,,,,,
Operational,FRANCE,FR-31,DAMPIERRE-4,PWR,8/1/1981,11/1/1981,1/1/2021,,,,,,,,,,,,,,,,,,,,,,,,,,,,,,,,,,,,
Operational,SPAIN,ES-11,TRILLO-1,PWR,5/1/1988,8/1/1988,1/1/2021,,,,,,,,,,,,,,,,,,,,,,,,,,,,,,,,,,,,
Operational,FRANCE,FR-54,BELLEVILLE-1,PWR,10/1/1987,6/1/1988,1/1/2021,,,,,,,,,,,,,,,,,,,,,,,,,,,,,,,,,,,,
Operational,FRANCE,FR-55,BELLEVILLE-2,PWR,7/1/1988,1/1/1989,1/1/2021,,,,,,,,,,,,,,,,,,,,,,,,,,,,,,,,,,,,
Operational,UK,GB-20A,HEYSHAM A-1,GCR,7/1/1983,4/1/1989,1/1/2021,,,,,,,,,,,,,,,,,,,,,,,,,,,,,,,,,,,,
Operational,UK,GB-20B,HEYSHAM A-2,GCR,10/1/1984,4/1/1989,1/1/2021,,,,,,,,,,,,,,,,,,,,,,,,,,,,,,,,,,,,
Operational,UK,GB-22A,HEYSHAM B-1,GCR,7/1/1988,4/1/1989,1/1/2021,,,,,,,,,,,,,,,,,,,,,,,,,,,,,,,,,,,,
Operational,UK,GB-22B,HEYSHAM B-2,GCR,11/1/1988,4/1/1989,1/1/2021,,,,,,,,,,,,,,,,,,,,,,,,,,,,,,,,,,,,
Operational,FINLAND,FI-3,OLKILUOTO-1,BWR,9/1/1978,10/1/1979,1/1/2021,,,,,,,,,,,,,,,,,,,,,,,,,,,,,,,,,,,,
Operational,FINLAND,FI-4,OLKILUOTO-2,BWR,2/1/1980,7/1/1982,1/1/2021,,,,,,,,,,,,,,,,,,,,,,,,,,,,,,,,,,,,
Operational,BULGARIA,BG-5,KOZLODUY-5,PWR,11/1/1987,12/1/1988,1/1/2021,,,,,,,,,,,,,,,,,,,,,,,,,,,,,,,,,,,,
Operational,BULGARIA,BG-6,KOZLODUY-6,PWR,8/1/1991,12/1/1993,1/1/2021,,,,,,,,,,,,,,,,,,,,,,,,,,,,,,,,,,,,
Operational,UKRAINE,UA-27,ROVNO-1,PWR,12/1/1980,9/1/1981,1/1/2021,,,,,,,,,,,,,,,,,,,,,,,,,,,,,,,,,,,,
Operational,UKRAINE,UA-28,ROVNO-2,PWR,12/1/1981,7/1/1982,1/1/2021,,,,,,,,,,,,,,,,,,,,,,,,,,,,,,,,,,,,
Operational,UKRAINE,UA-29,ROVNO-3,PWR,12/1/1986,5/1/1987,1/1/2021,,,,,,,,,,,,,,,,,,,,,,,,,,,,,,,,,,,,
Operational,UKRAINE,UA-69,ROVNO-4,PWR,10/1/2004,4/1/2006,1/1/2021,,,,,,,,,,,,,,,,,,,,,,,,,,,,,,,,,,,,
Operational,FINLAND,FI-1,LOVIISA-1,PWR,2/1/1977,5/1/1977,1/1/2021,,,,,,,,,,,,,,,,,,,,,,,,,,,,,,,,,,,,
Operational,FINLAND,FI-2,LOVIISA-2,PWR,11/1/1980,1/1/1981,1/1/2021,,,,,,,,,,,,,,,,,,,,,,,,,,,,,,,,,,,,
Operational,UKRAINE,UA-40,KHMELNITSKI-1,PWR,12/1/1987,8/1/1988,1/1/2021,,,,,,,,,,,,,,,,,,,,,,,,,,,,,,,,,,,,
Operational,UKRAINE,UA-41,KHMELNITSKI-2,PWR,8/1/2004,12/1/2005,1/1/2021,,,,,,,,,,,,,,,,,,,,,,,,,,,,,,,,,,,,
Operational,RUSSIA,RU-16,LENINGRAD-2,LWGR,7/1/1975,2/1/1976,1/1/2021,,,,,,,,,,,,,,,,,,,,,,,,,,,,,,,,,,,,
Operational,RUSSIA,RU-34,LENINGRAD-3,LWGR,12/1/1979,6/1/1980,1/1/2021,,,,,,,,,,,,,,,,,,,,,,,,,,,,,,,,,,,,
Operational,RUSSIA,RU-35,LENINGRAD-4,LWGR,2/1/1981,8/1/1981,1/1/2021,,,,,,,,,,,,,,,,,,,,,,,,,,,,,,,,,,,,
Operational,RUSSIA,RU-163,LENINGRAD 2-1,PWR,3/1/2018,10/1/2018,1/1/2021,,,,,,,,,,,,,,,,,,,,,,,,,,,,,,,,,,,,
Operational,UK,GB-16A,HINKLEY POINT B-1,GCR,10/1/1976,10/1/1978,1/1/2021,,,,,,,,,,,,,,,,,,,,,,,,,,,,,,,,,,,,
Operational,UK,GB-16B,HINKLEY POINT B-2,GCR,2/1/1976,9/1/1976,1/1/2021,,,,,,,,,,,,,,,,,,,,,,,,,,,,,,,,,,,,
Operational,FRANCE,FR-58,NOGENT-1,PWR,10/1/1987,2/1/1988,1/1/2021,,,,,,,,,,,,,,,,,,,,,,,,,,,,,,,,,,,,
Operational,FRANCE,FR-59,NOGENT-2,PWR,12/1/1988,5/1/1989,1/1/2021,,,,,,,,,,,,,,,,,,,,,,,,,,,,,,,,,,,,
Operational,NETHERLANDS,NL-2,BORSSELE,PWR,7/1/1973,10/1/1973,1/1/2021,,,,,,,,,,,,,,,,,,,,,,,,,,,,,,,,,,,,
Operational,UKRAINE,UA-44,SOUTH UKRAINE-1,PWR,12/1/1982,12/1/1983,1/1/2021,,,,,,,,,,,,,,,,,,,,,,,,,,,,,,,,,,,,
Operational,UKRAINE,UA-45,SOUTH UKRAINE-2,PWR,1/1/1985,4/1/1985,1/1/2021,,,,,,,,,,,,,,,,,,,,,,,,,,,,,,,,,,,,
Operational,UKRAINE,UA-48,SOUTH UKRAINE-3,PWR,9/1/1989,12/1/1989,1/1/2021,,,,,,,,,,,,,,,,,,,,,,,,,,,,,,,,,,,,
Operational,RUSSIA,RU-12,KOLA-1,PWR,6/1/1973,12/1/1973,1/1/2021,,,,,,,,,,,,,,,,,,,,,,,,,,,,,,,,,,,,
Operational,RUSSIA,RU-13,KOLA-2,PWR,12/1/1974,2/1/1975,1/1/2021,,,,,,,,,,,,,,,,,,,,,,,,,,,,,,,,,,,,
Operational,RUSSIA,RU-32,KOLA-3,PWR,3/1/1981,12/1/1982,1/1/2021,,,,,,,,,,,,,,,,,,,,,,,,,,,,,,,,,,,,
Operational,RUSSIA,RU-33,KOLA-4,PWR,10/1/1984,12/1/1984,1/1/2021,,,,,,,,,,,,,,,,,,,,,,,,,,,,,,,,,,,,
Operational,RUSSIA,RU-23,SMOLENSK-1,LWGR,12/1/1982,9/1/1983,1/1/2021,,,,,,,,,,,,,,,,,,,,,,,,,,,,,,,,,,,,
Operational,RUSSIA,RU-24,SMOLENSK-2,LWGR,5/1/1985,7/1/1985,1/1/2021,,,,,,,,,,,,,,,,,,,,,,,,,,,,,,,,,,,,
Operational,RUSSIA,RU-67,SMOLENSK-3,LWGR,1/1/1990,10/1/1990,1/1/2021,,,,,,,,,,,,,,,,,,,,,,,,,,,,,,,,,,,,
Operational,UKRAINE,UA-54,ZAPOROZHYE-1,PWR,12/1/1984,12/1/1985,1/1/2021,,,,,,,,,,,,,,,,,,,,,,,,,,,,,,,,,,,,
Operational,UKRAINE,UA-56,ZAPOROZHYE-2,PWR,7/1/1985,2/1/1986,1/1/2021,,,,,,,,,,,,,,,,,,,,,,,,,,,,,,,,,,,,
Operational,UKRAINE,UA-78,ZAPOROZHYE-3,PWR,12/1/1986,3/1/1987,1/1/2021,,,,,,,,,,,,,,,,,,,,,,,,,,,,,,,,,,,,
Operational,UKRAINE,UA-79,ZAPOROZHYE-4,PWR,12/1/1987,4/1/1988,1/1/2021,,,,,,,,,,,,,,,,,,,,,,,,,,,,,,,,,,,,
Operational,UKRAINE,UA-126,ZAPOROZHYE-5,PWR,8/1/1989,10/1/1989,1/1/2021,,,,,,,,,,,,,,,,,,,,,,,,,,,,,,,,,,,,
Operational,UKRAINE,UA-127,ZAPOROZHYE-6,PWR,10/1/1995,9/1/1996,1/1/2021,,,,,,,,,,,,,,,,,,,,,,,,,,,,,,,,,,,,
Operational,RUSSIA,RU-30,KALININ-1,PWR,5/1/1984,6/1/1985,1/1/2021,,,,,,,,,,,,,,,,,,,,,,,,,,,,,,,,,,,,
Operational,RUSSIA,RU-31,KALININ-2,PWR,12/1/1986,3/1/1987,1/1/2021,,,,,,,,,,,,,,,,,,,,,,,,,,,,,,,,,,,,
Operational,RUSSIA,RU-36,KALININ-3,PWR,12/1/2004,11/1/2005,1/1/2021,,,,,,,,,,,,,,,,,,,,,,,,,,,,,,,,,,,,
Operational,RUSSIA,RU-37,KALININ-4,PWR,11/1/2011,12/1/2012,1/1/2021,,,,,,,,,,,,,,,,,,,,,,,,,,,,,,,,,,,,
Operational,RUSSIA,RU-17,KURSK-1,LWGR,12/1/1976,10/1/1977,1/1/2021,,,,,,,,,,,,,,,,,,,,,,,,,,,,,,,,,,,,
Operational,RUSSIA,RU-22,KURSK-2,LWGR,1/1/1979,8/1/1979,1/1/2021,,,,,,,,,,,,,,,,,,,,,,,,,,,,,,,,,,,,
Operational,RUSSIA,RU-38,KURSK-3,LWGR,10/1/1983,3/1/1984,1/1/2021,,,,,,,,,,,,,,,,,,,,,,,,,,,,,,,,,,,,
Operational,RUSSIA,RU-39,KURSK-4,LWGR,12/1/1985,2/1/1986,1/1/2021,,,,,,,,,,,,,,,,,,,,,,,,,,,,,,,,,,,,
Operational,RUSSIA,RU-161,NOVOVORONEZH 2-1,PWR,8/1/2016,2/1/2017,1/1/2021,,,,,,,,,,,,,,,,,,,,,,,,,,,,,,,,,,,,
Operational,RUSSIA,RU-162,NOVOVORONEZH 2-2,PWR,5/1/2019,10/1/2019,1/1/2021,,,,,,,,,,,,,,,,,,,,,,,,,,,,,,,,,,,,
Operational,RUSSIA,RU-11,NOVOVORONEZH-4,PWR,12/1/1972,3/1/1973,1/1/2021,,,,,,,,,,,,,,,,,,,,,,,,,,,,,,,,,,,,
Operational,RUSSIA,RU-20,NOVOVORONEZH-5,PWR,5/1/1980,2/1/1981,1/1/2021,,,,,,,,,,,,,,,,,,,,,,,,,,,,,,,,,,,,
Operational,BELGIUM,BE-2,DOEL-1,PWR,8/1/1974,2/1/1975,1/1/2021,,,,,,,,,,,,,,,,,,,,,,,,,,,,,,,,,,,,
Operational,BELGIUM,BE-4,DOEL-2,PWR,8/1/1975,12/1/1975,1/1/2021,,,,,,,,,,,,,,,,,,,,,,,,,,,,,,,,,,,,
Operational,BELGIUM,BE-5,DOEL-3,PWR,6/1/1982,10/1/1982,1/1/2021,,,,,,,,,,,,,,,,,,,,,,,,,,,,,,,,,,,,
Operational,BELGIUM,BE-7,DOEL-4,PWR,4/1/1985,7/1/1985,1/1/2021,,,,,,,,,,,,,,,,,,,,,,,,,,,,,,,,,,,,
Operational,FRANCE,FR-18,TRICASTIN-1,PWR,5/1/1980,12/1/1980,1/1/2021,,,,,,,,,,,,,,,,,,,,,,,,,,,,,,,,,,,,
Operational,FRANCE,FR-19,TRICASTIN-2,PWR,8/1/1980,12/1/1980,1/1/2021,,,,,,,,,,,,,,,,,,,,,,,,,,,,,,,,,,,,
Operational,FRANCE,FR-25,TRICASTIN-3,PWR,2/1/1981,5/1/1981,1/1/2021,,,,,,,,,,,,,,,,,,,,,,,,,,,,,,,,,,,,
Operational,FRANCE,FR-26,TRICASTIN-4,PWR,6/1/1981,11/1/1981,1/1/2021,,,,,,,,,,,,,,,,,,,,,,,,,,,,,,,,,,,,
Operational,FRANCE,FR-48,ST. ALBAN-1,PWR,8/1/1985,5/1/1986,1/1/2021,,,,,,,,,,,,,,,,,,,,,,,,,,,,,,,,,,,,
Operational,FRANCE,FR-49,ST. ALBAN-2,PWR,7/1/1986,3/1/1987,1/1/2021,,,,,,,,,,,,,,,,,,,,,,,,,,,,,,,,,,,,
Operational,FRANCE,FR-42,CRUAS-1,PWR,4/1/1983,4/1/1984,1/1/2021,,,,,,,,,,,,,,,,,,,,,,,,,,,,,,,,,,,,
Operational,FRANCE,FR-43,CRUAS-2,PWR,9/1/1984,4/1/1985,1/1/2021,,,,,,,,,,,,,,,,,,,,,,,,,,,,,,,,,,,,
Operational,FRANCE,FR-44,CRUAS-3,PWR,5/1/1984,9/1/1984,1/1/2021,,,,,,,,,,,,,,,,,,,,,,,,,,,,,,,,,,,,
Operational,FRANCE,FR-45,CRUAS-4,PWR,10/1/1984,2/1/1985,1/1/2021,,,,,,,,,,,,,,,,,,,,,,,,,,,,,,,,,,,,
Operational,FRANCE,FR-62,CHOOZ B-1,PWR,8/1/1996,5/1/2000,1/1/2021,,,,,,,,,,,,,,,,,,,,,,,,,,,,,,,,,,,,
Operational,FRANCE,FR-70,CHOOZ B-2,PWR,4/1/1997,9/1/2000,1/1/2021,,,,,,,,,,,,,,,,,,,,,,,,,,,,,,,,,,,,
Operational,UK,GB-17A,HUNTERSTON B-1,GCR,2/1/1976,2/1/1976,1/1/2021,,,,,,,,,,,,,,,,,,,,,,,,,,,,,,,,,,,,
Operational,UK,GB-17B,HUNTERSTON B-2,GCR,3/1/1977,3/1/1977,1/1/2021,,,,,,,,,,,,,,,,,,,,,,,,,,,,,,,,,,,,
Operational,RUSSIA,RU-59,ROSTOV-1,PWR,3/1/2001,12/1/2001,1/1/2021,,,,,,,,,,,,,,,,,,,,,,,,,,,,,,,,,,,,
Operational,RUSSIA,RU-62,ROSTOV-2,PWR,3/1/2010,12/1/2010,1/1/2021,,,,,,,,,,,,,,,,,,,,,,,,,,,,,,,,,,,,
Operational,RUSSIA,RU-63,ROSTOV-3,PWR,12/1/2014,9/1/2015,1/1/2021,,,,,,,,,,,,,,,,,,,,,,,,,,,,,,,,,,,,
Operational,RUSSIA,RU-64,ROSTOV-4,PWR,2/1/2018,9/1/2018,1/1/2021,,,,,,,,,,,,,,,,,,,,,,,,,,,,,,,,,,,,
Operational,ARMENIA,AM-19,ARMENIAN-2,PWR,1/1/1980,5/1/1980,1/1/2021,,,,,,,,,,,,,,,,,,,,,,,,,,,,,,,,,,,,
Operational,BRAZIL,BR-1,ANGRA-1,PWR,4/1/1982,1/1/1985,1/1/2021,,,,,,,,,,,,,,,,,,,,,,,,,,,,,,,,,,,,
Operational,BRAZIL,BR-2,ANGRA-2,PWR,7/1/2000,2/1/2001,1/1/2021,,,,,,,,,,,,,,,,,,,,,,,,,,,,,,,,,,,,
Operational,RUSSIA,RU-96,BALAKOVO-1,PWR,12/1/1985,5/1/1986,1/1/2021,,,,,,,,,,,,,,,,,,,,,,,,,,,,,,,,,,,,
Operational,RUSSIA,RU-97,BALAKOVO-2,PWR,10/1/1987,1/1/1988,1/1/2021,,,,,,,,,,,,,,,,,,,,,,,,,,,,,,,,,,,,
Operational,RUSSIA,RU-98,BALAKOVO-3,PWR,12/1/1988,4/1/1989,1/1/2021,,,,,,,,,,,,,,,,,,,,,,,,,,,,,,,,,,,,
Operational,RUSSIA,RU-99,BALAKOVO-4,PWR,4/1/1993,12/1/1993,1/1/2021,,,,,,,,,,,,,,,,,,,,,,,,,,,,,,,,,,,,
Operational,FRANCE,FR-13,BUGEY-2,PWR,5/1/1978,3/1/1979,1/1/2021,,,,,,,,,,,,,,,,,,,,,,,,,,,,,,,,,,,,
Operational,FRANCE,FR-14,BUGEY-3,PWR,9/1/1978,3/1/1979,1/1/2021,,,,,,,,,,,,,,,,,,,,,,,,,,,,,,,,,,,,
Operational,FRANCE,FR-15,BUGEY-4,PWR,3/1/1979,7/1/1979,1/1/2021,,,,,,,,,,,,,,,,,,,,,,,,,,,,,,,,,,,,
Operational,FRANCE,FR-16,BUGEY-5,PWR,7/1/1979,1/1/1980,1/1/2021,,,,,,,,,,,,,,,,,,,,,,,,,,,,,,,,,,,,
Operational,BELGIUM,BE-3,TIHANGE-1,PWR,3/1/1975,10/1/1975,1/1/2021,,,,,,,,,,,,,,,,,,,,,,,,,,,,,,,,,,,,
Operational,BELGIUM,BE-6,TIHANGE-2,PWR,10/1/1982,6/1/1983,1/1/2021,,,,,,,,,,,,,,,,,,,,,,,,,,,,,,,,,,,,
Operational,BELGIUM,BE-8,TIHANGE-3,PWR,6/1/1985,9/1/1985,1/1/2021,,,,,,,,,,,,,,,,,,,,,,,,,,,,,,,,,,,,
Operational,SPAIN,ES-6,ALMARAZ-1,PWR,5/1/1981,9/1/1983,1/1/2021,,,,,,,,,,,,,,,,,,,,,,,,,,,,,,,,,,,,
Operational,SPAIN,ES-7,ALMARAZ-2,PWR,10/1/1983,7/1/1984,1/1/2021,,,,,,,,,,,,,,,,,,,,,,,,,,,,,,,,,,,,
Operational,"IRAN,ISL.REP.",IR-1,BUSHEHR-1,PWR,9/1/2011,9/1/2013,1/1/2021,,,,,,,,,,,,,,,,,,,,,,,,,,,,,,,,,,,,
Operational,ARGENTINA,AR-1,ATUCHA-1,PHWR,3/1/1974,6/1/1974,1/1/2021,,,,,,,,,,,,,,,,,,,,,,,,,,,,,,,,,,,,
Operational,ARGENTINA,AR-3,ATUCHA-2,PHWR,6/1/2014,5/1/2016,1/1/2021,,,,,,,,,,,,,,,,,,,,,,,,,,,,,,,,,,,,
Operational,FRANCE,FR-50,CATTENOM-1,PWR,11/1/1986,4/1/1987,1/1/2021,,,,,,,,,,,,,,,,,,,,,,,,,,,,,,,,,,,,
Operational,FRANCE,FR-53,CATTENOM-2,PWR,9/1/1987,2/1/1988,1/1/2021,,,,,,,,,,,,,,,,,,,,,,,,,,,,,,,,,,,,
Operational,FRANCE,FR-60,CATTENOM-3,PWR,7/1/1990,2/1/1991,1/1/2021,,,,,,,,,,,,,,,,,,,,,,,,,,,,,,,,,,,,
Operational,FRANCE,FR-65,CATTENOM-4,PWR,5/1/1991,1/1/1992,1/1/2021,,,,,,,,,,,,,,,,,,,,,,,,,,,,,,,,,,,,
Operational,RUSSIA,RU-21,BELOYARSK-3,FBR,4/1/1980,11/1/1981,1/1/2021,,,,,,,,,,,,,,,,,,,,,,,,,,,,,,,,,,,,
Operational,RUSSIA,RU-116,BELOYARSK-4,FBR,12/1/2015,10/1/2016,1/1/2021,,,,,,,,,,,,,,,,,,,,,,,,,,,,,,,,,,,,
Operational,ARGENTINA,AR-2,EMBALSE,PHWR,4/1/1983,1/1/1984,1/1/2021,,,,,,,,,,,,,,,,,,,,,,,,,,,,,,,,,,,,
Operational,CANADA,CA-17,POINT LEPREAU,PHWR,9/1/1982,2/1/1983,1/1/2021,,,,,,,,,,,,,,,,,,,,,,,,,,,,,,,,,,,,
Operational,PAKISTAN,PK-1,KANUPP-1,PHWR,10/1/1971,12/1/1972,1/1/2021,,,,,,,,,,,,,,,,,,,,,,,,,,,,,,,,,,,,
Operational,GERMANY,DE-33,EMSLAND,PWR,4/1/1988,6/1/1988,1/1/2021,,,,,,,,,,,,,,,,,,,,,,,,,,,,,,,,,,,,
Operational,FRANCE,FR-11,FESSENHEIM-1,PWR,4/1/1977,1/1/1978,1/1/2021,,,,,,,,,,,,,,,,,,,,,,,,,,,,,,,,,,,,
Operational,FRANCE,FR-12,FESSENHEIM-2,PWR,10/1/1977,4/1/1978,1/1/2021,,,,,,,,,,,,,,,,,,,,,,,,,,,,,,,,,,,,
Operational,USA,US-443,SEABROOK-1,PWR,5/1/1990,8/1/1990,1/1/2021,,,,,,,,,,,,,,,,,,,,,,,,,,,,,,,,,,,,
Operational,PAKISTAN,PK-2,CHASNUPP-1,PWR,6/1/2000,9/1/2000,1/1/2021,,,,,,,,,,,,,,,,,,,,,,,,,,,,,,,,,,,,
Operational,PAKISTAN,PK-3,CHASNUPP-2,PWR,3/1/2011,5/1/2011,1/1/2021,,,,,,,,,,,,,,,,,,,,,,,,,,,,,,,,,,,,
Operational,PAKISTAN,PK-4,CHASNUPP-3,PWR,10/1/2016,12/1/2016,1/1/2021,,,,,,,,,,,,,,,,,,,,,,,,,,,,,,,,,,,,
Operational,PAKISTAN,PK-5,CHASNUPP-4,PWR,7/1/2017,9/1/2017,1/1/2021,,,,,,,,,,,,,,,,,,,,,,,,,,,,,,,,,,,,
Operational,USA,US-336,MILLSTONE-2,PWR,11/1/1975,12/1/1975,1/1/2021,,,,,,,,,,,,,,,,,,,,,,,,,,,,,,,,,,,,
Operational,USA,US-423,MILLSTONE-3,PWR,2/1/1986,4/1/1986,1/1/2021,,,,,,,,,,,,,,,,,,,,,,,,,,,,,,,,,,,,
Operational,INDIA,IN-1,TARAPUR-1,BWR,4/1/1969,10/1/1969,1/1/2021,,,,,,,,,,,,,,,,,,,,,,,,,,,,,,,,,,,,
Operational,INDIA,IN-2,TARAPUR-2,BWR,5/1/1969,10/1/1969,1/1/2021,,,,,,,,,,,,,,,,,,,,,,,,,,,,,,,,,,,,
Operational,INDIA,IN-23,TARAPUR-3,PHWR,6/1/2006,8/1/2006,1/1/2021,,,,,,,,,,,,,,,,,,,,,,,,,,,,,,,,,,,,
Operational,INDIA,IN-24,TARAPUR-4,PHWR,6/1/2005,9/1/2005,1/1/2021,,,,,,,,,,,,,,,,,,,,,,,,,,,,,,,,,,,,
Operational,INDIA,IN-9,KAKRAPAR-1,PHWR,11/1/1992,5/1/1993,1/1/2021,,,,,,,,,,,,,,,,,,,,,,,,,,,,,,,,,,,,
Operational,INDIA,IN-10,KAKRAPAR-2,PHWR,3/1/1995,9/1/1995,1/1/2021,,,,,,,,,,,,,,,,,,,,,,,,,,,,,,,,,,,,
Operational,USA,US-247,INDIAN POINT-2,PWR,6/1/1973,8/1/1974,1/1/2021,,,,,,,,,,,,,,,,,,,,,,,,,,,,,,,,,,,,
Operational,USA,US-286,INDIAN POINT-3,PWR,4/1/1976,8/1/1976,1/1/2021,,,,,,,,,,,,,,,,,,,,,,,,,,,,,,,,,,,,
Operational,INDIA,IN-13,KAIGA-1,PHWR,10/1/2000,11/1/2000,1/1/2021,,,,,,,,,,,,,,,,,,,,,,,,,,,,,,,,,,,,
Operational,INDIA,IN-14,KAIGA-2,PHWR,12/1/1999,3/1/2000,1/1/2021,,,,,,,,,,,,,,,,,,,,,,,,,,,,,,,,,,,,
Operational,INDIA,IN-15,KAIGA-3,PHWR,4/1/2007,5/1/2007,1/1/2021,,,,,,,,,,,,,,,,,,,,,,,,,,,,,,,,,,,,
Operational,INDIA,IN-16,KAIGA-4,PHWR,1/1/2011,1/1/2011,1/1/2021,,,,,,,,,,,,,,,,,,,,,,,,,,,,,,,,,,,,
Operational,USA,US-272,SALEM-1,PWR,12/1/1976,6/1/1977,1/1/2021,,,,,,,,,,,,,,,,,,,,,,,,,,,,,,,,,,,,
Operational,USA,US-311,SALEM-2,PWR,6/1/1981,10/1/1981,1/1/2021,,,,,,,,,,,,,,,,,,,,,,,,,,,,,,,,,,,,
Operational,USA,US-354,HOPE CREEK-1,BWR,8/1/1986,12/1/1986,1/1/2021,,,,,,,,,,,,,,,,,,,,,,,,,,,,,,,,,,,,
Operational,USA,US-352,LIMERICK-1,BWR,4/1/1985,2/1/1986,1/1/2021,,,,,,,,,,,,,,,,,,,,,,,,,,,,,,,,,,,,
Operational,USA,US-353,LIMERICK-2,BWR,9/1/1989,1/1/1990,1/1/2021,,,,,,,,,,,,,,,,,,,,,,,,,,,,,,,,,,,,
Operational,INDIA,IN-3,RAJASTHAN-1,PHWR,11/1/1972,12/1/1973,1/1/2021,,,,,,,,,,,,,,,,,,,,,,,,,,,,,,,,,,,,
Operational,INDIA,IN-4,RAJASTHAN-2,PHWR,11/1/1980,4/1/1981,1/1/2021,,,,,,,,,,,,,,,,,,,,,,,,,,,,,,,,,,,,
Operational,INDIA,IN-11,RAJASTHAN-3,PHWR,3/1/2000,6/1/2000,1/1/2021,,,,,,,,,,,,,,,,,,,,,,,,,,,,,,,,,,,,
Operational,INDIA,IN-12,RAJASTHAN-4,PHWR,11/1/2000,12/1/2000,1/1/2021,,,,,,,,,,,,,,,,,,,,,,,,,,,,,,,,,,,,
Operational,INDIA,IN-19,RAJASTHAN-5,PHWR,12/1/2009,2/1/2010,1/1/2021,,,,,,,,,,,,,,,,,,,,,,,,,,,,,,,,,,,,
Operational,INDIA,IN-20,RAJASTHAN-6,PHWR,3/1/2010,3/1/2010,1/1/2021,,,,,,,,,,,,,,,,,,,,,,,,,,,,,,,,,,,,
Operational,USA,US-387,SUSQUEHANNA-1,BWR,11/1/1982,6/1/1983,1/1/2021,,,,,,,,,,,,,,,,,,,,,,,,,,,,,,,,,,,,
Operational,USA,US-388,SUSQUEHANNA-2,BWR,7/1/1984,2/1/1985,1/1/2021,,,,,,,,,,,,,,,,,,,,,,,,,,,,,,,,,,,,
Operational,USA,US-277,PEACH BOTTOM-2,BWR,2/1/1974,7/1/1974,1/1/2021,,,,,,,,,,,,,,,,,,,,,,,,,,,,,,,,,,,,
Operational,USA,US-278,PEACH BOTTOM-3,BWR,9/1/1974,12/1/1974,1/1/2021,,,,,,,,,,,,,,,,,,,,,,,,,,,,,,,,,,,,
Operational,USA,US-333,FITZPATRICK,BWR,2/1/1975,7/1/1975,1/1/2021,,,,,,,,,,,,,,,,,,,,,,,,,,,,,,,,,,,,
Operational,USA,US-220,NINE MILE POINT-1,BWR,11/1/1969,12/1/1969,1/1/2021,,,,,,,,,,,,,,,,,,,,,,,,,,,,,,,,,,,,
Operational,USA,US-410,NINE MILE POINT-2,BWR,8/1/1987,3/1/1988,1/1/2021,,,,,,,,,,,,,,,,,,,,,,,,,,,,,,,,,,,,
Operational,USA,US-317,CALVERT CLIFFS-1,PWR,1/1/1975,5/1/1975,1/1/2021,,,,,,,,,,,,,,,,,,,,,,,,,,,,,,,,,,,,
Operational,USA,US-318,CALVERT CLIFFS-2,PWR,12/1/1976,4/1/1977,1/1/2021,,,,,,,,,,,,,,,,,,,,,,,,,,,,,,,,,,,,
Operational,USA,US-280,SURRY-1,PWR,7/1/1972,12/1/1972,1/1/2021,,,,,,,,,,,,,,,,,,,,,,,,,,,,,,,,,,,,
Operational,USA,US-281,SURRY-2,PWR,3/1/1973,5/1/1973,1/1/2021,,,,,,,,,,,,,,,,,,,,,,,,,,,,,,,,,,,,
Operational,USA,US-244,GINNA,PWR,12/1/1969,7/1/1970,1/1/2021,,,,,,,,,,,,,,,,,,,,,,,,,,,,,,,,,,,,
Operational,INDIA,IN-26,KUDANKULAM-2,PWR,8/1/2016,3/1/2017,1/1/2021,,,,,,,,,,,,,,,,,,,,,,,,,,,,,,,,,,,,
Operational,USA,US-338,NORTH ANNA-1,PWR,4/1/1978,6/1/1978,1/1/2021,,,,,,,,,,,,,,,,,,,,,,,,,,,,,,,,,,,,
Operational,USA,US-339,NORTH ANNA-2,PWR,8/1/1980,12/1/1980,1/1/2021,,,,,,,,,,,,,,,,,,,,,,,,,,,,,,,,,,,,
Operational,USA,US-325,BRUNSWICK-1,BWR,12/1/1976,3/1/1977,1/1/2021,,,,,,,,,,,,,,,,,,,,,,,,,,,,,,,,,,,,
Operational,USA,US-324,BRUNSWICK-2,BWR,4/1/1975,11/1/1975,1/1/2021,,,,,,,,,,,,,,,,,,,,,,,,,,,,,,,,,,,,
Operational,INDIA,IN-7,NARORA-1,PHWR,7/1/1989,1/1/1991,1/1/2021,,,,,,,,,,,,,,,,,,,,,,,,,,,,,,,,,,,,
Operational,INDIA,IN-8,NARORA-2,PHWR,1/1/1992,7/1/1992,1/1/2021,,,,,,,,,,,,,,,,,,,,,,,,,,,,,,,,,,,,
Operational,CANADA,CA-22,DARLINGTON-1,PHWR,12/1/1990,11/1/1992,1/1/2021,,,,,,,,,,,,,,,,,,,,,,,,,,,,,,,,,,,,
Operational,CANADA,CA-23,DARLINGTON-2,PHWR,1/1/1990,10/1/1990,1/1/2021,,,,,,,,,,,,,,,,,,,,,,,,,,,,,,,,,,,,
Operational,CANADA,CA-24,DARLINGTON-3,PHWR,12/1/1992,2/1/1993,1/1/2021,,,,,,,,,,,,,,,,,,,,,,,,,,,,,,,,,,,,
Operational,CANADA,CA-25,DARLINGTON-4,PHWR,4/1/1993,6/1/1993,1/1/2021,,,,,,,,,,,,,,,,,,,,,,,,,,,,,,,,,,,,
Operational,USA,US-400,HARRIS-1,PWR,1/1/1987,5/1/1987,1/1/2021,,,,,,,,,,,,,,,,,,,,,,,,,,,,,,,,,,,,
Operational,CANADA,CA-4,PICKERING-1,PHWR,4/1/1971,7/1/1971,1/1/2021,,,,,,,,,,,,,,,,,,,,,,,,,,,,,,,,,,,,
Operational,CANADA,CA-7,PICKERING-4,PHWR,5/1/1973,6/1/1973,1/1/2021,,,,,,,,,,,,,,,,,,,,,,,,,,,,,,,,,,,,
Operational,CANADA,CA-13,PICKERING-5,PHWR,12/1/1982,5/1/1983,1/1/2021,,,,,,,,,,,,,,,,,,,,,,,,,,,,,,,,,,,,
Operational,CANADA,CA-14,PICKERING-6,PHWR,11/1/1983,2/1/1984,1/1/2021,,,,,,,,,,,,,,,,,,,,,,,,,,,,,,,,,,,,
Operational,CANADA,CA-15,PICKERING-7,PHWR,11/1/1984,1/1/1985,1/1/2021,,,,,,,,,,,,,,,,,,,,,,,,,,,,,,,,,,,,
Operational,CANADA,CA-16,PICKERING-8,PHWR,1/1/1986,2/1/1986,1/1/2021,,,,,,,,,,,,,,,,,,,,,,,,,,,,,,,,,,,,
Operational,SWITZERLAND,CH-5,LEIBSTADT,BWR,5/1/1984,12/1/1984,1/1/2021,,,,,,,,,,,,,,,,,,,,,,,,,,,,,,,,,,,,
Operational,SWITZERLAND,CH-1,BEZNAU-1,PWR,7/1/1969,12/1/1969,1/1/2021,,,,,,,,,,,,,,,,,,,,,,,,,,,,,,,,,,,,
Operational,SWITZERLAND,CH-3,BEZNAU-2,PWR,10/1/1971,3/1/1972,1/1/2021,,,,,,,,,,,,,,,,,,,,,,,,,,,,,,,,,,,,
Operational,USA,US-261,ROBINSON-2,PWR,9/1/1970,3/1/1971,1/1/2021,,,,,,,,,,,,,,,,,,,,,,,,,,,,,,,,,,,,
Operational,INDIA,IN-5,MADRAS-1,PHWR,7/1/1983,1/1/1984,1/1/2021,,,,,,,,,,,,,,,,,,,,,,,,,,,,,,,,,,,,
Operational,INDIA,IN-6,MADRAS-2,PHWR,9/1/1985,3/1/1986,1/1/2021,,,,,,,,,,,,,,,,,,,,,,,,,,,,,,,,,,,,
Operational,USA,US-335,ST. LUCIE-1,PWR,5/1/1976,12/1/1976,1/1/2021,,,,,,,,,,,,,,,,,,,,,,,,,,,,,,,,,,,,
Operational,USA,US-389,ST. LUCIE-2,PWR,6/1/1983,8/1/1983,1/1/2021,,,,,,,,,,,,,,,,,,,,,,,,,,,,,,,,,,,,
Operational,USA,US-250,TURKEY POINT-3,PWR,11/1/1972,12/1/1972,1/1/2021,,,,,,,,,,,,,,,,,,,,,,,,,,,,,,,,,,,,
Operational,USA,US-251,TURKEY POINT-4,PWR,6/1/1973,9/1/1973,1/1/2021,,,,,,,,,,,,,,,,,,,,,,,,,,,,,,,,,,,,
Operational,USA,US-334,BEAVER VALLEY-1,PWR,6/1/1976,10/1/1976,1/1/2021,,,,,,,,,,,,,,,,,,,,,,,,,,,,,,,,,,,,
Operational,USA,US-412,BEAVER VALLEY-2,PWR,8/1/1987,11/1/1987,1/1/2021,,,,,,,,,,,,,,,,,,,,,,,,,,,,,,,,,,,,
Operational,USA,US-369,MCGUIRE-1,PWR,9/1/1981,12/1/1981,1/1/2021,,,,,,,,,,,,,,,,,,,,,,,,,,,,,,,,,,,,
Operational,USA,US-370,MCGUIRE-2,PWR,5/1/1983,3/1/1984,1/1/2021,,,,,,,,,,,,,,,,,,,,,,,,,,,,,,,,,,,,
Operational,USA,US-413,CATAWBA-1,PWR,1/1/1985,6/1/1985,1/1/2021,,,,,,,,,,,,,,,,,,,,,,,,,,,,,,,,,,,,
Operational,USA,US-414,CATAWBA-2,PWR,5/1/1986,8/1/1986,1/1/2021,,,,,,,,,,,,,,,,,,,,,,,,,,,,,,,,,,,,
Operational,USA,US-440,PERRY-1,BWR,12/1/1986,11/1/1987,1/1/2021,,,,,,,,,,,,,,,,,,,,,,,,,,,,,,,,,,,,
Operational,USA,US-395,SUMMER-1,PWR,11/1/1982,1/1/1984,1/1/2021,,,,,,,,,,,,,,,,,,,,,,,,,,,,,,,,,,,,
Operational,CANADA,CA-8,BRUCE-1,PHWR,1/1/1977,9/1/1977,1/1/2021,,,,,,,,,,,,,,,,,,,,,,,,,,,,,,,,,,,,
Operational,CANADA,CA-9,BRUCE-2,PHWR,9/1/1976,9/1/1977,1/1/2021,,,,,,,,,,,,,,,,,,,,,,,,,,,,,,,,,,,,
Operational,CANADA,CA-10,BRUCE-3,PHWR,12/1/1977,2/1/1978,1/1/2021,,,,,,,,,,,,,,,,,,,,,,,,,,,,,,,,,,,,
Operational,CANADA,CA-11,BRUCE-4,PHWR,12/1/1978,1/1/1979,1/1/2021,,,,,,,,,,,,,,,,,,,,,,,,,,,,,,,,,,,,
Operational,CANADA,CA-18,BRUCE-5,PHWR,12/1/1984,3/1/1985,1/1/2021,,,,,,,,,,,,,,,,,,,,,,,,,,,,,,,,,,,,
Operational,CANADA,CA-19,BRUCE-6,PHWR,6/1/1984,9/1/1984,1/1/2021,,,,,,,,,,,,,,,,,,,,,,,,,,,,,,,,,,,,
Operational,CANADA,CA-20,BRUCE-7,PHWR,2/1/1986,4/1/1986,1/1/2021,,,,,,,,,,,,,,,,,,,,,,,,,,,,,,,,,,,,
Operational,CANADA,CA-21,BRUCE-8,PHWR,3/1/1987,5/1/1987,1/1/2021,,,,,,,,,,,,,,,,,,,,,,,,,,,,,,,,,,,,
Operational,USA,US-424,VOGTLE-1,PWR,3/1/1987,6/1/1987,1/1/2021,,,,,,,,,,,,,,,,,,,,,,,,,,,,,,,,,,,,
Operational,USA,US-425,VOGTLE-2,PWR,4/1/1989,5/1/1989,1/1/2021,,,,,,,,,,,,,,,,,,,,,,,,,,,,,,,,,,,,
Operational,USA,US-321,HATCH-1,BWR,11/1/1974,12/1/1975,1/1/2021,,,,,,,,,,,,,,,,,,,,,,,,,,,,,,,,,,,,
Operational,USA,US-366,HATCH-2,BWR,9/1/1978,9/1/1979,1/1/2021,,,,,,,,,,,,,,,,,,,,,,,,,,,,,,,,,,,,
Operational,USA,US-269,OCONEE-1,PWR,5/1/1973,7/1/1973,1/1/2021,,,,,,,,,,,,,,,,,,,,,,,,,,,,,,,,,,,,
Operational,USA,US-270,OCONEE-2,PWR,12/1/1973,9/1/1974,1/1/2021,,,,,,,,,,,,,,,,,,,,,,,,,,,,,,,,,,,,
Operational,USA,US-287,OCONEE-3,PWR,9/1/1974,12/1/1974,1/1/2021,,,,,,,,,,,,,,,,,,,,,,,,,,,,,,,,,,,,
Operational,USA,US-341,FERMI-2,BWR,9/1/1986,1/1/1988,1/1/2021,,,,,,,,,,,,,,,,,,,,,,,,,,,,,,,,,,,,
Operational,USA,US-390,WATTS BAR-1,PWR,2/1/1996,5/1/1996,1/1/2021,,,,,,,,,,,,,,,,,,,,,,,,,,,,,,,,,,,,
Operational,USA,US-391,WATTS BAR-2,PWR,6/1/2016,10/1/2016,1/1/2021,,,,,,,,,,,,,,,,,,,,,,,,,,,,,,,,,,,,
Operational,USA,US-327,SEQUOYAH-1,PWR,7/1/1980,7/1/1981,1/1/2021,,,,,,,,,,,,,,,,,,,,,,,,,,,,,,,,,,,,
Operational,USA,US-328,SEQUOYAH-2,PWR,12/1/1981,6/1/1982,1/1/2021,,,,,,,,,,,,,,,,,,,,,,,,,,,,,,,,,,,,
Operational,USA,US-348,FARLEY-1,PWR,8/1/1977,12/1/1977,1/1/2021,,,,,,,,,,,,,,,,,,,,,,,,,,,,,,,,,,,,
Operational,USA,US-364,FARLEY-2,PWR,5/1/1981,7/1/1981,1/1/2021,,,,,,,,,,,,,,,,,,,,,,,,,,,,,,,,,,,,
Operational,USA,US-255,PALISADES,PWR,12/1/1971,12/1/1971,1/1/2021,,,,,,,,,,,,,,,,,,,,,,,,,,,,,,,,,,,,
Operational,USA,US-315,COOK-1,PWR,2/1/1975,8/1/1975,1/1/2021,,,,,,,,,,,,,,,,,,,,,,,,,,,,,,,,,,,,
Operational,USA,US-316,COOK-2,PWR,3/1/1978,7/1/1978,1/1/2021,,,,,,,,,,,,,,,,,,,,,,,,,,,,,,,,,,,,
Operational,USA,US-259,BROWNS FERRY-1,BWR,10/1/1973,8/1/1974,1/1/2021,,,,,,,,,,,,,,,,,,,,,,,,,,,,,,,,,,,,
Operational,USA,US-260,BROWNS FERRY-2,BWR,8/1/1974,3/1/1975,1/1/2021,,,,,,,,,,,,,,,,,,,,,,,,,,,,,,,,,,,,
Operational,USA,US-296,BROWNS FERRY-3,BWR,9/1/1976,3/1/1977,1/1/2021,,,,,,,,,,,,,,,,,,,,,,,,,,,,,,,,,,,,
Operational,USA,US-266,POINT BEACH-1,PWR,11/1/1970,12/1/1970,1/1/2021,,,,,,,,,,,,,,,,,,,,,,,,,,,,,,,,,,,,
Operational,USA,US-301,POINT BEACH-2,PWR,8/1/1972,10/1/1972,1/1/2021,,,,,,,,,,,,,,,,,,,,,,,,,,,,,,,,,,,,
Operational,USA,US-456,BRAIDWOOD-1,PWR,7/1/1987,7/1/1988,1/1/2021,,,,,,,,,,,,,,,,,,,,,,,,,,,,,,,,,,,,
Operational,USA,US-457,BRAIDWOOD-2,PWR,5/1/1988,10/1/1988,1/1/2021,,,,,,,,,,,,,,,,,,,,,,,,,,,,,,,,,,,,
Operational,USA,US-237,DRESDEN-2,BWR,4/1/1970,6/1/1970,1/1/2021,,,,,,,,,,,,,,,,,,,,,,,,,,,,,,,,,,,,
Operational,USA,US-249,DRESDEN-3,BWR,7/1/1971,11/1/1971,1/1/2021,,,,,,,,,,,,,,,,,,,,,,,,,,,,,,,,,,,,
Operational,USA,US-373,LASALLE-1,BWR,9/1/1982,1/1/1984,1/1/2021,,,,,,,,,,,,,,,,,,,,,,,,,,,,,,,,,,,,
Operational,USA,US-374,LASALLE-2,BWR,4/1/1984,10/1/1984,1/1/2021,,,,,,,,,,,,,,,,,,,,,,,,,,,,,,,,,,,,
Operational,USA,US-461,CLINTON-1,BWR,4/1/1987,11/1/1987,1/1/2021,,,,,,,,,,,,,,,,,,,,,,,,,,,,,,,,,,,,
Operational,USA,US-454,BYRON-1,PWR,3/1/1985,9/1/1985,1/1/2021,,,,,,,,,,,,,,,,,,,,,,,,,,,,,,,,,,,,
Operational,USA,US-455,BYRON-2,PWR,2/1/1987,8/1/1987,1/1/2021,,,,,,,,,,,,,,,,,,,,,,,,,,,,,,,,,,,,
Operational,GERMANY,DE-44,NECKARWESTHEIM-2,PWR,1/1/1989,4/1/1989,1/1/2021,,,,,,,,,,,,,,,,,,,,,,,,,,,,,,,,,,,,
Operational,GERMANY,DE-32,BROKDORF,PWR,10/1/1986,12/1/1986,1/1/2021,,,,,,,,,,,,,,,,,,,,,,,,,,,,,,,,,,,,
Operational,GERMANY,DE-27,GROHNDE,PWR,9/1/1984,2/1/1985,1/1/2021,,,,,,,,,,,,,,,,,,,,,,,,,,,,,,,,,,,,
Operational,USA,US-254,QUAD CITIES-1,BWR,4/1/1972,2/1/1973,1/1/2021,,,,,,,,,,,,,,,,,,,,,,,,,,,,,,,,,,,,
Operational,USA,US-265,QUAD CITIES-2,BWR,5/1/1972,3/1/1973,1/1/2021,,,,,,,,,,,,,,,,,,,,,,,,,,,,,,,,,,,,
Operational,USA,US-382,WATERFORD-3,PWR,3/1/1985,9/1/1985,1/1/2021,,,,,,,,,,,,,,,,,,,,,,,,,,,,,,,,,,,,
Operational,USA,US-416,GRAND GULF-1,BWR,10/1/1984,7/1/1985,1/1/2021,,,,,,,,,,,,,,,,,,,,,,,,,,,,,,,,,,,,
Operational,USA,US-458,RIVER BEND-1,BWR,12/1/1985,6/1/1986,1/1/2021,,,,,,,,,,,,,,,,,,,,,,,,,,,,,,,,,,,,
Operational,USA,US-331,DUANE ARNOLD-1,BWR,5/1/1974,2/1/1975,1/1/2021,,,,,,,,,,,,,,,,,,,,,,,,,,,,,,,,,,,,
Operational,USA,US-483,CALLAWAY-1,PWR,10/1/1984,12/1/1984,1/1/2021,,,,,,,,,,,,,,,,,,,,,,,,,,,,,,,,,,,,
Operational,USA,US-282,PRAIRIE ISLAND-1,PWR,12/1/1973,12/1/1973,1/1/2021,,,,,,,,,,,,,,,,,,,,,,,,,,,,,,,,,,,,
Operational,USA,US-306,PRAIRIE ISLAND-2,PWR,12/1/1974,12/1/1974,1/1/2021,,,,,,,,,,,,,,,,,,,,,,,,,,,,,,,,,,,,
Operational,USA,US-313,ANO-1,PWR,8/1/1974,12/1/1974,1/1/2021,,,,,,,,,,,,,,,,,,,,,,,,,,,,,,,,,,,,
Operational,USA,US-368,ANO-2,PWR,12/1/1978,3/1/1980,1/1/2021,,,,,,,,,,,,,,,,,,,,,,,,,,,,,,,,,,,,
Operational,USA,US-263,MONTICELLO,BWR,3/1/1971,6/1/1971,1/1/2021,,,,,,,,,,,,,,,,,,,,,,,,,,,,,,,,,,,,
Operational,USA,US-298,COOPER,BWR,5/1/1974,7/1/1974,1/1/2021,,,,,,,,,,,,,,,,,,,,,,,,,,,,,,,,,,,,
Operational,USA,US-482,WOLF CREEK,PWR,6/1/1985,9/1/1985,1/1/2021,,,,,,,,,,,,,,,,,,,,,,,,,,,,,,,,,,,,
Operational,USA,US-498,SOUTH TEXAS-1,PWR,3/1/1988,8/1/1988,1/1/2021,,,,,,,,,,,,,,,,,,,,,,,,,,,,,,,,,,,,
Operational,USA,US-499,SOUTH TEXAS-2,PWR,4/1/1989,6/1/1989,1/1/2021,,,,,,,,,,,,,,,,,,,,,,,,,,,,,,,,,,,,
Operational,MEXICO,MX-1,LAGUNA VERDE-1,BWR,4/1/1989,7/1/1990,1/1/2021,,,,,,,,,,,,,,,,,,,,,,,,,,,,,,,,,,,,
Operational,MEXICO,MX-2,LAGUNA VERDE-2,BWR,11/1/1994,4/1/1995,1/1/2021,,,,,,,,,,,,,,,,,,,,,,,,,,,,,,,,,,,,
Operational,USA,US-445,COMANCHE PEAK-1,PWR,4/1/1990,8/1/1990,1/1/2021,,,,,,,,,,,,,,,,,,,,,,,,,,,,,,,,,,,,
Operational,USA,US-446,COMANCHE PEAK-2,PWR,4/1/1993,8/1/1993,1/1/2021,,,,,,,,,,,,,,,,,,,,,,,,,,,,,,,,,,,,
