Years,Continent,Countries,Reactor Count
1/1/1954,Asia,ARMENIA,0
1/1/1955,Asia,ARMENIA,0
1/1/1956,Asia,ARMENIA,0
1/1/1957,Asia,ARMENIA,0
1/1/1958,Asia,ARMENIA,0
1/1/1959,Asia,ARMENIA,0
1/1/1960,Asia,ARMENIA,0
1/1/1961,Asia,ARMENIA,0
1/1/1962,Asia,ARMENIA,0
1/1/1963,Asia,ARMENIA,0
1/1/1964,Asia,ARMENIA,0
1/1/1965,Asia,ARMENIA,0
1/1/1966,Asia,ARMENIA,0
1/1/1967,Asia,ARMENIA,0
1/1/1968,Asia,ARMENIA,0
1/1/1969,Asia,ARMENIA,0
1/1/1970,Asia,ARMENIA,0
1/1/1971,Asia,ARMENIA,0
1/1/1972,Asia,ARMENIA,0
1/1/1973,Asia,ARMENIA,0
1/1/1974,Asia,ARMENIA,0
1/1/1975,Asia,ARMENIA,0
1/1/1976,Asia,ARMENIA,1
1/1/1977,Asia,ARMENIA,1
1/1/1978,Asia,ARMENIA,1
1/1/1979,Asia,ARMENIA,1
1/1/1980,Asia,ARMENIA,2
1/1/1981,Asia,ARMENIA,2
1/1/1982,Asia,ARMENIA,2
1/1/1983,Asia,ARMENIA,2
1/1/1984,Asia,ARMENIA,2
1/1/1985,Asia,ARMENIA,2
1/1/1986,Asia,ARMENIA,2
1/1/1987,Asia,ARMENIA,2
1/1/1988,Asia,ARMENIA,2
1/1/1989,Asia,ARMENIA,2
1/1/1990,Asia,ARMENIA,1
1/1/1991,Asia,ARMENIA,1
1/1/1992,Asia,ARMENIA,1
1/1/1993,Asia,ARMENIA,1
1/1/1994,Asia,ARMENIA,1
1/1/1995,Asia,ARMENIA,1
1/1/1996,Asia,ARMENIA,1
1/1/1997,Asia,ARMENIA,1
1/1/1998,Asia,ARMENIA,1
1/1/1999,Asia,ARMENIA,1
1/1/2000,Asia,ARMENIA,1
1/1/2001,Asia,ARMENIA,1
1/1/2002,Asia,ARMENIA,1
1/1/2003,Asia,ARMENIA,1
1/1/2004,Asia,ARMENIA,1
1/1/2005,Asia,ARMENIA,1
1/1/2006,Asia,ARMENIA,1
1/1/2007,Asia,ARMENIA,1
1/1/2008,Asia,ARMENIA,1
1/1/2009,Asia,ARMENIA,1
1/1/2010,Asia,ARMENIA,1
1/1/2011,Asia,ARMENIA,1
1/1/2012,Asia,ARMENIA,1
1/1/2013,Asia,ARMENIA,1
1/1/2014,Asia,ARMENIA,1
1/1/2015,Asia,ARMENIA,1
1/1/2016,Asia,ARMENIA,1
1/1/2017,Asia,ARMENIA,1
1/1/2018,Asia,ARMENIA,1
1/1/2019,Asia,ARMENIA,1
1/1/2020,Asia,ARMENIA,1
1/1/1954,Europe,BELGIUM,0
1/1/1955,Europe,BELGIUM,0
1/1/1956,Europe,BELGIUM,0
1/1/1957,Europe,BELGIUM,0
1/1/1958,Europe,BELGIUM,0
1/1/1959,Europe,BELGIUM,0
1/1/1960,Europe,BELGIUM,0
1/1/1961,Europe,BELGIUM,0
1/1/1962,Europe,BELGIUM,1
1/1/1963,Europe,BELGIUM,1
1/1/1964,Europe,BELGIUM,1
1/1/1965,Europe,BELGIUM,1
1/1/1966,Europe,BELGIUM,1
1/1/1967,Europe,BELGIUM,1
1/1/1968,Europe,BELGIUM,1
1/1/1969,Europe,BELGIUM,1
1/1/1970,Europe,BELGIUM,1
1/1/1971,Europe,BELGIUM,1
1/1/1972,Europe,BELGIUM,1
1/1/1973,Europe,BELGIUM,1
1/1/1974,Europe,BELGIUM,2
1/1/1975,Europe,BELGIUM,4
1/1/1976,Europe,BELGIUM,4
1/1/1977,Europe,BELGIUM,4
1/1/1978,Europe,BELGIUM,4
1/1/1979,Europe,BELGIUM,4
1/1/1980,Europe,BELGIUM,4
1/1/1981,Europe,BELGIUM,4
1/1/1982,Europe,BELGIUM,6
1/1/1983,Europe,BELGIUM,6
1/1/1984,Europe,BELGIUM,6
1/1/1985,Europe,BELGIUM,8
1/1/1986,Europe,BELGIUM,8
1/1/1987,Europe,BELGIUM,8
1/1/1988,Europe,BELGIUM,7
1/1/1989,Europe,BELGIUM,7
1/1/1990,Europe,BELGIUM,7
1/1/1991,Europe,BELGIUM,7
1/1/1992,Europe,BELGIUM,7
1/1/1993,Europe,BELGIUM,7
1/1/1994,Europe,BELGIUM,7
1/1/1995,Europe,BELGIUM,7
1/1/1996,Europe,BELGIUM,7
1/1/1997,Europe,BELGIUM,7
1/1/1998,Europe,BELGIUM,7
1/1/1999,Europe,BELGIUM,7
1/1/2000,Europe,BELGIUM,7
1/1/2001,Europe,BELGIUM,7
1/1/2002,Europe,BELGIUM,7
1/1/2003,Europe,BELGIUM,7
1/1/2004,Europe,BELGIUM,7
1/1/2005,Europe,BELGIUM,7
1/1/2006,Europe,BELGIUM,7
1/1/2007,Europe,BELGIUM,7
1/1/2008,Europe,BELGIUM,7
1/1/2009,Europe,BELGIUM,7
1/1/2010,Europe,BELGIUM,7
1/1/2011,Europe,BELGIUM,7
1/1/2012,Europe,BELGIUM,7
1/1/2013,Europe,BELGIUM,7
1/1/2014,Europe,BELGIUM,7
1/1/2015,Europe,BELGIUM,7
1/1/2016,Europe,BELGIUM,7
1/1/2017,Europe,BELGIUM,7
1/1/2018,Europe,BELGIUM,7
1/1/2019,Europe,BELGIUM,7
1/1/2020,Europe,BELGIUM,7
1/1/1954,Europe,BULGARIA,0
1/1/1955,Europe,BULGARIA,0
1/1/1956,Europe,BULGARIA,0
1/1/1957,Europe,BULGARIA,0
1/1/1958,Europe,BULGARIA,0
1/1/1959,Europe,BULGARIA,0
1/1/1960,Europe,BULGARIA,0
1/1/1961,Europe,BULGARIA,0
1/1/1962,Europe,BULGARIA,0
1/1/1963,Europe,BULGARIA,0
1/1/1964,Europe,BULGARIA,0
1/1/1965,Europe,BULGARIA,0
1/1/1966,Europe,BULGARIA,0
1/1/1967,Europe,BULGARIA,0
1/1/1968,Europe,BULGARIA,0
1/1/1969,Europe,BULGARIA,0
1/1/1970,Europe,BULGARIA,0
1/1/1971,Europe,BULGARIA,0
1/1/1972,Europe,BULGARIA,0
1/1/1973,Europe,BULGARIA,0
1/1/1974,Europe,BULGARIA,1
1/1/1975,Europe,BULGARIA,2
1/1/1976,Europe,BULGARIA,2
1/1/1977,Europe,BULGARIA,2
1/1/1978,Europe,BULGARIA,2
1/1/1979,Europe,BULGARIA,2
1/1/1980,Europe,BULGARIA,3
1/1/1981,Europe,BULGARIA,3
1/1/1982,Europe,BULGARIA,4
1/1/1983,Europe,BULGARIA,4
1/1/1984,Europe,BULGARIA,4
1/1/1985,Europe,BULGARIA,4
1/1/1986,Europe,BULGARIA,4
1/1/1987,Europe,BULGARIA,5
1/1/1988,Europe,BULGARIA,5
1/1/1989,Europe,BULGARIA,5
1/1/1990,Europe,BULGARIA,5
1/1/1991,Europe,BULGARIA,6
1/1/1992,Europe,BULGARIA,6
1/1/1993,Europe,BULGARIA,6
1/1/1994,Europe,BULGARIA,6
1/1/1995,Europe,BULGARIA,6
1/1/1996,Europe,BULGARIA,6
1/1/1997,Europe,BULGARIA,6
1/1/1998,Europe,BULGARIA,6
1/1/1999,Europe,BULGARIA,6
1/1/2000,Europe,BULGARIA,6
1/1/2001,Europe,BULGARIA,6
1/1/2002,Europe,BULGARIA,6
1/1/2003,Europe,BULGARIA,4
1/1/2004,Europe,BULGARIA,4
1/1/2005,Europe,BULGARIA,4
1/1/2006,Europe,BULGARIA,4
1/1/2007,Europe,BULGARIA,2
1/1/2008,Europe,BULGARIA,2
1/1/2009,Europe,BULGARIA,2
1/1/2010,Europe,BULGARIA,2
1/1/2011,Europe,BULGARIA,2
1/1/2012,Europe,BULGARIA,2
1/1/2013,Europe,BULGARIA,2
1/1/2014,Europe,BULGARIA,2
1/1/2015,Europe,BULGARIA,2
1/1/2016,Europe,BULGARIA,2
1/1/2017,Europe,BULGARIA,2
1/1/2018,Europe,BULGARIA,2
1/1/2019,Europe,BULGARIA,2
1/1/2020,Europe,BULGARIA,2
1/1/1954,North America,CANADA,0
1/1/1955,North America,CANADA,0
1/1/1956,North America,CANADA,0
1/1/1957,North America,CANADA,0
1/1/1958,North America,CANADA,0
1/1/1959,North America,CANADA,0
1/1/1960,North America,CANADA,0
1/1/1961,North America,CANADA,0
1/1/1962,North America,CANADA,1
1/1/1963,North America,CANADA,1
1/1/1964,North America,CANADA,1
1/1/1965,North America,CANADA,1
1/1/1966,North America,CANADA,1
1/1/1967,North America,CANADA,2
1/1/1968,North America,CANADA,2
1/1/1969,North America,CANADA,2
1/1/1970,North America,CANADA,2
1/1/1971,North America,CANADA,5
1/1/1972,North America,CANADA,6
1/1/1973,North America,CANADA,7
1/1/1974,North America,CANADA,7
1/1/1975,North America,CANADA,7
1/1/1976,North America,CANADA,8
1/1/1977,North America,CANADA,10
1/1/1978,North America,CANADA,10
1/1/1979,North America,CANADA,10
1/1/1980,North America,CANADA,10
1/1/1981,North America,CANADA,10
1/1/1982,North America,CANADA,13
1/1/1983,North America,CANADA,14
1/1/1984,North America,CANADA,17
1/1/1985,North America,CANADA,16
1/1/1986,North America,CANADA,18
1/1/1987,North America,CANADA,19
1/1/1988,North America,CANADA,18
1/1/1989,North America,CANADA,18
1/1/1990,North America,CANADA,20
1/1/1991,North America,CANADA,20
1/1/1992,North America,CANADA,21
1/1/1993,North America,CANADA,22
1/1/1994,North America,CANADA,22
1/1/1995,North America,CANADA,22
1/1/1996,North America,CANADA,22
1/1/1997,North America,CANADA,22
1/1/1998,North America,CANADA,22
1/1/1999,North America,CANADA,22
1/1/2000,North America,CANADA,22
1/1/2001,North America,CANADA,22
1/1/2002,North America,CANADA,22
1/1/2003,North America,CANADA,22
1/1/2004,North America,CANADA,22
1/1/2005,North America,CANADA,22
1/1/2006,North America,CANADA,22
1/1/2007,North America,CANADA,22
1/1/2008,North America,CANADA,21
1/1/2009,North America,CANADA,20
1/1/2010,North America,CANADA,20
1/1/2011,North America,CANADA,20
1/1/2012,North America,CANADA,20
1/1/2013,North America,CANADA,19
1/1/2014,North America,CANADA,19
1/1/2015,North America,CANADA,19
1/1/2016,North America,CANADA,19
1/1/2017,North America,CANADA,19
1/1/2018,North America,CANADA,19
1/1/2019,North America,CANADA,19
1/1/2020,North America,CANADA,19
1/1/1954,Europe,FRANCE,0
1/1/1955,Europe,FRANCE,0
1/1/1956,Europe,FRANCE,0
1/1/1957,Europe,FRANCE,0
1/1/1958,Europe,FRANCE,0
1/1/1959,Europe,FRANCE,1
1/1/1960,Europe,FRANCE,2
1/1/1961,Europe,FRANCE,2
1/1/1962,Europe,FRANCE,2
1/1/1963,Europe,FRANCE,3
1/1/1964,Europe,FRANCE,3
1/1/1965,Europe,FRANCE,4
1/1/1966,Europe,FRANCE,5
1/1/1967,Europe,FRANCE,7
1/1/1968,Europe,FRANCE,7
1/1/1969,Europe,FRANCE,8
1/1/1970,Europe,FRANCE,8
1/1/1971,Europe,FRANCE,9
1/1/1972,Europe,FRANCE,10
1/1/1973,Europe,FRANCE,11
1/1/1974,Europe,FRANCE,10
1/1/1975,Europe,FRANCE,10
1/1/1976,Europe,FRANCE,10
1/1/1977,Europe,FRANCE,12
1/1/1978,Europe,FRANCE,14
1/1/1979,Europe,FRANCE,16
1/1/1980,Europe,FRANCE,23
1/1/1981,Europe,FRANCE,30
1/1/1982,Europe,FRANCE,32
1/1/1983,Europe,FRANCE,36
1/1/1984,Europe,FRANCE,42
1/1/1985,Europe,FRANCE,45
1/1/1986,Europe,FRANCE,49
1/1/1987,Europe,FRANCE,53
1/1/1988,Europe,FRANCE,55
1/1/1989,Europe,FRANCE,55
1/1/1990,Europe,FRANCE,58
1/1/1991,Europe,FRANCE,57
1/1/1992,Europe,FRANCE,57
1/1/1993,Europe,FRANCE,57
1/1/1994,Europe,FRANCE,57
1/1/1995,Europe,FRANCE,56
1/1/1996,Europe,FRANCE,57
1/1/1997,Europe,FRANCE,59
1/1/1998,Europe,FRANCE,59
1/1/1999,Europe,FRANCE,59
1/1/2000,Europe,FRANCE,59
1/1/2001,Europe,FRANCE,59
1/1/2002,Europe,FRANCE,59
1/1/2003,Europe,FRANCE,59
1/1/2004,Europe,FRANCE,59
1/1/2005,Europe,FRANCE,59
1/1/2006,Europe,FRANCE,59
1/1/2007,Europe,FRANCE,59
1/1/2008,Europe,FRANCE,59
1/1/2009,Europe,FRANCE,59
1/1/2010,Europe,FRANCE,59
1/1/2011,Europe,FRANCE,58
1/1/2012,Europe,FRANCE,58
1/1/2013,Europe,FRANCE,58
1/1/2014,Europe,FRANCE,58
1/1/2015,Europe,FRANCE,58
1/1/2016,Europe,FRANCE,58
1/1/2017,Europe,FRANCE,58
1/1/2018,Europe,FRANCE,58
1/1/2019,Europe,FRANCE,58
1/1/2020,Europe,FRANCE,58
1/1/1954,Europe,GERMANY,0
1/1/1955,Europe,GERMANY,0
1/1/1956,Europe,GERMANY,0
1/1/1957,Europe,GERMANY,0
1/1/1958,Europe,GERMANY,0
1/1/1959,Europe,GERMANY,0
1/1/1960,Europe,GERMANY,0
1/1/1961,Europe,GERMANY,1
1/1/1962,Europe,GERMANY,1
1/1/1963,Europe,GERMANY,1
1/1/1964,Europe,GERMANY,1
1/1/1965,Europe,GERMANY,1
1/1/1966,Europe,GERMANY,4
1/1/1967,Europe,GERMANY,5
1/1/1968,Europe,GERMANY,7
1/1/1969,Europe,GERMANY,8
1/1/1970,Europe,GERMANY,8
1/1/1971,Europe,GERMANY,9
1/1/1972,Europe,GERMANY,9
1/1/1973,Europe,GERMANY,11
1/1/1974,Europe,GERMANY,13
1/1/1975,Europe,GERMANY,12
1/1/1976,Europe,GERMANY,15
1/1/1977,Europe,GERMANY,15
1/1/1978,Europe,GERMANY,17
1/1/1979,Europe,GERMANY,19
1/1/1980,Europe,GERMANY,19
1/1/1981,Europe,GERMANY,20
1/1/1982,Europe,GERMANY,20
1/1/1983,Europe,GERMANY,21
1/1/1984,Europe,GERMANY,25
1/1/1985,Europe,GERMANY,25
1/1/1986,Europe,GERMANY,26
1/1/1987,Europe,GERMANY,26
1/1/1988,Europe,GERMANY,28
1/1/1989,Europe,GERMANY,27
1/1/1990,Europe,GERMANY,26
1/1/1991,Europe,GERMANY,21
1/1/1992,Europe,GERMANY,20
1/1/1993,Europe,GERMANY,20
1/1/1994,Europe,GERMANY,20
1/1/1995,Europe,GERMANY,19
1/1/1996,Europe,GERMANY,19
1/1/1997,Europe,GERMANY,19
1/1/1998,Europe,GERMANY,19
1/1/1999,Europe,GERMANY,19
1/1/2000,Europe,GERMANY,19
1/1/2001,Europe,GERMANY,19
1/1/2002,Europe,GERMANY,19
1/1/2003,Europe,GERMANY,19
1/1/2004,Europe,GERMANY,18
1/1/2005,Europe,GERMANY,18
1/1/2006,Europe,GERMANY,17
1/1/2007,Europe,GERMANY,17
1/1/2008,Europe,GERMANY,17
1/1/2009,Europe,GERMANY,17
1/1/2010,Europe,GERMANY,17
1/1/2011,Europe,GERMANY,17
1/1/2012,Europe,GERMANY,9
1/1/2013,Europe,GERMANY,9
1/1/2014,Europe,GERMANY,9
1/1/2015,Europe,GERMANY,9
1/1/2016,Europe,GERMANY,8
1/1/2017,Europe,GERMANY,8
1/1/2018,Europe,GERMANY,7
1/1/2019,Europe,GERMANY,7
1/1/2020,Europe,GERMANY,6
1/1/1954,Europe,ITALY,0
1/1/1955,Europe,ITALY,0
1/1/1956,Europe,ITALY,0
1/1/1957,Europe,ITALY,0
1/1/1958,Europe,ITALY,0
1/1/1959,Europe,ITALY,0
1/1/1960,Europe,ITALY,0
1/1/1961,Europe,ITALY,0
1/1/1962,Europe,ITALY,0
1/1/1963,Europe,ITALY,1
1/1/1964,Europe,ITALY,3
1/1/1965,Europe,ITALY,3
1/1/1966,Europe,ITALY,3
1/1/1967,Europe,ITALY,3
1/1/1968,Europe,ITALY,3
1/1/1969,Europe,ITALY,3
1/1/1970,Europe,ITALY,3
1/1/1971,Europe,ITALY,3
1/1/1972,Europe,ITALY,3
1/1/1973,Europe,ITALY,3
1/1/1974,Europe,ITALY,3
1/1/1975,Europe,ITALY,3
1/1/1976,Europe,ITALY,3
1/1/1977,Europe,ITALY,3
1/1/1978,Europe,ITALY,4
1/1/1979,Europe,ITALY,4
1/1/1980,Europe,ITALY,4
1/1/1981,Europe,ITALY,4
1/1/1982,Europe,ITALY,4
1/1/1983,Europe,ITALY,3
1/1/1984,Europe,ITALY,3
1/1/1985,Europe,ITALY,3
1/1/1986,Europe,ITALY,3
1/1/1987,Europe,ITALY,3
1/1/1988,Europe,ITALY,2
1/1/1989,Europe,ITALY,2
1/1/1990,Europe,ITALY,2
1/1/1991,Europe,ITALY,0
1/1/1992,Europe,ITALY,0
1/1/1993,Europe,ITALY,0
1/1/1994,Europe,ITALY,0
1/1/1995,Europe,ITALY,0
1/1/1996,Europe,ITALY,0
1/1/1997,Europe,ITALY,0
1/1/1998,Europe,ITALY,0
1/1/1999,Europe,ITALY,0
1/1/2000,Europe,ITALY,0
1/1/2001,Europe,ITALY,0
1/1/2002,Europe,ITALY,0
1/1/2003,Europe,ITALY,0
1/1/2004,Europe,ITALY,0
1/1/2005,Europe,ITALY,0
1/1/2006,Europe,ITALY,0
1/1/2007,Europe,ITALY,0
1/1/2008,Europe,ITALY,0
1/1/2009,Europe,ITALY,0
1/1/2010,Europe,ITALY,0
1/1/2011,Europe,ITALY,0
1/1/2012,Europe,ITALY,0
1/1/2013,Europe,ITALY,0
1/1/2014,Europe,ITALY,0
1/1/2015,Europe,ITALY,0
1/1/2016,Europe,ITALY,0
1/1/2017,Europe,ITALY,0
1/1/2018,Europe,ITALY,0
1/1/2019,Europe,ITALY,0
1/1/2020,Europe,ITALY,0
1/1/1954,Asia,JAPAN,0
1/1/1955,Asia,JAPAN,0
1/1/1956,Asia,JAPAN,0
1/1/1957,Asia,JAPAN,0
1/1/1958,Asia,JAPAN,0
1/1/1959,Asia,JAPAN,0
1/1/1960,Asia,JAPAN,0
1/1/1961,Asia,JAPAN,0
1/1/1962,Asia,JAPAN,0
1/1/1963,Asia,JAPAN,1
1/1/1964,Asia,JAPAN,1
1/1/1965,Asia,JAPAN,2
1/1/1966,Asia,JAPAN,2
1/1/1967,Asia,JAPAN,2
1/1/1968,Asia,JAPAN,2
1/1/1969,Asia,JAPAN,3
1/1/1970,Asia,JAPAN,5
1/1/1971,Asia,JAPAN,5
1/1/1972,Asia,JAPAN,6
1/1/1973,Asia,JAPAN,8
1/1/1974,Asia,JAPAN,11
1/1/1975,Asia,JAPAN,13
1/1/1976,Asia,JAPAN,14
1/1/1977,Asia,JAPAN,16
1/1/1978,Asia,JAPAN,21
1/1/1979,Asia,JAPAN,22
1/1/1980,Asia,JAPAN,23
1/1/1981,Asia,JAPAN,25
1/1/1982,Asia,JAPAN,25
1/1/1983,Asia,JAPAN,28
1/1/1984,Asia,JAPAN,31
1/1/1985,Asia,JAPAN,33
1/1/1986,Asia,JAPAN,35
1/1/1987,Asia,JAPAN,36
1/1/1988,Asia,JAPAN,38
1/1/1989,Asia,JAPAN,39
1/1/1990,Asia,JAPAN,41
1/1/1991,Asia,JAPAN,42
1/1/1992,Asia,JAPAN,44
1/1/1993,Asia,JAPAN,48
1/1/1994,Asia,JAPAN,50
1/1/1995,Asia,JAPAN,51
1/1/1996,Asia,JAPAN,54
1/1/1997,Asia,JAPAN,54
1/1/1998,Asia,JAPAN,54
1/1/1999,Asia,JAPAN,53
1/1/2000,Asia,JAPAN,53
1/1/2001,Asia,JAPAN,54
1/1/2002,Asia,JAPAN,54
1/1/2003,Asia,JAPAN,54
1/1/2004,Asia,JAPAN,54
1/1/2005,Asia,JAPAN,56
1/1/2006,Asia,JAPAN,56
1/1/2007,Asia,JAPAN,56
1/1/2008,Asia,JAPAN,56
1/1/2009,Asia,JAPAN,55
1/1/2010,Asia,JAPAN,55
1/1/2011,Asia,JAPAN,55
1/1/2012,Asia,JAPAN,51
1/1/2013,Asia,JAPAN,51
1/1/2014,Asia,JAPAN,49
1/1/2015,Asia,JAPAN,49
1/1/2016,Asia,JAPAN,44
1/1/2017,Asia,JAPAN,43
1/1/2018,Asia,JAPAN,42
1/1/2019,Asia,JAPAN,38
1/1/2020,Asia,JAPAN,33
1/1/1954,Asia,KAZAKHSTAN,0
1/1/1955,Asia,KAZAKHSTAN,0
1/1/1956,Asia,KAZAKHSTAN,0
1/1/1957,Asia,KAZAKHSTAN,0
1/1/1958,Asia,KAZAKHSTAN,0
1/1/1959,Asia,KAZAKHSTAN,0
1/1/1960,Asia,KAZAKHSTAN,0
1/1/1961,Asia,KAZAKHSTAN,0
1/1/1962,Asia,KAZAKHSTAN,0
1/1/1963,Asia,KAZAKHSTAN,0
1/1/1964,Asia,KAZAKHSTAN,0
1/1/1965,Asia,KAZAKHSTAN,0
1/1/1966,Asia,KAZAKHSTAN,0
1/1/1967,Asia,KAZAKHSTAN,0
1/1/1968,Asia,KAZAKHSTAN,0
1/1/1969,Asia,KAZAKHSTAN,0
1/1/1970,Asia,KAZAKHSTAN,0
1/1/1971,Asia,KAZAKHSTAN,0
1/1/1972,Asia,KAZAKHSTAN,0
1/1/1973,Asia,KAZAKHSTAN,1
1/1/1974,Asia,KAZAKHSTAN,1
1/1/1975,Asia,KAZAKHSTAN,1
1/1/1976,Asia,KAZAKHSTAN,1
1/1/1977,Asia,KAZAKHSTAN,1
1/1/1978,Asia,KAZAKHSTAN,1
1/1/1979,Asia,KAZAKHSTAN,1
1/1/1980,Asia,KAZAKHSTAN,1
1/1/1981,Asia,KAZAKHSTAN,1
1/1/1982,Asia,KAZAKHSTAN,1
1/1/1983,Asia,KAZAKHSTAN,1
1/1/1984,Asia,KAZAKHSTAN,1
1/1/1985,Asia,KAZAKHSTAN,1
1/1/1986,Asia,KAZAKHSTAN,1
1/1/1987,Asia,KAZAKHSTAN,1
1/1/1988,Asia,KAZAKHSTAN,1
1/1/1989,Asia,KAZAKHSTAN,1
1/1/1990,Asia,KAZAKHSTAN,1
1/1/1991,Asia,KAZAKHSTAN,1
1/1/1992,Asia,KAZAKHSTAN,1
1/1/1993,Asia,KAZAKHSTAN,1
1/1/1994,Asia,KAZAKHSTAN,1
1/1/1995,Asia,KAZAKHSTAN,1
1/1/1996,Asia,KAZAKHSTAN,1
1/1/1997,Asia,KAZAKHSTAN,1
1/1/1998,Asia,KAZAKHSTAN,1
1/1/1999,Asia,KAZAKHSTAN,1
1/1/2000,Asia,KAZAKHSTAN,0
1/1/2001,Asia,KAZAKHSTAN,0
1/1/2002,Asia,KAZAKHSTAN,0
1/1/2003,Asia,KAZAKHSTAN,0
1/1/2004,Asia,KAZAKHSTAN,0
1/1/2005,Asia,KAZAKHSTAN,0
1/1/2006,Asia,KAZAKHSTAN,0
1/1/2007,Asia,KAZAKHSTAN,0
1/1/2008,Asia,KAZAKHSTAN,0
1/1/2009,Asia,KAZAKHSTAN,0
1/1/2010,Asia,KAZAKHSTAN,0
1/1/2011,Asia,KAZAKHSTAN,0
1/1/2012,Asia,KAZAKHSTAN,0
1/1/2013,Asia,KAZAKHSTAN,0
1/1/2014,Asia,KAZAKHSTAN,0
1/1/2015,Asia,KAZAKHSTAN,0
1/1/2016,Asia,KAZAKHSTAN,0
1/1/2017,Asia,KAZAKHSTAN,0
1/1/2018,Asia,KAZAKHSTAN,0
1/1/2019,Asia,KAZAKHSTAN,0
1/1/2020,Asia,KAZAKHSTAN,0
1/1/1954,Asia,SOUTH KOREA,0
1/1/1955,Asia,SOUTH KOREA,0
1/1/1956,Asia,SOUTH KOREA,0
1/1/1957,Asia,SOUTH KOREA,0
1/1/1958,Asia,SOUTH KOREA,0
1/1/1959,Asia,SOUTH KOREA,0
1/1/1960,Asia,SOUTH KOREA,0
1/1/1961,Asia,SOUTH KOREA,0
1/1/1962,Asia,SOUTH KOREA,0
1/1/1963,Asia,SOUTH KOREA,0
1/1/1964,Asia,SOUTH KOREA,0
1/1/1965,Asia,SOUTH KOREA,0
1/1/1966,Asia,SOUTH KOREA,0
1/1/1967,Asia,SOUTH KOREA,0
1/1/1968,Asia,SOUTH KOREA,0
1/1/1969,Asia,SOUTH KOREA,0
1/1/1970,Asia,SOUTH KOREA,0
1/1/1971,Asia,SOUTH KOREA,0
1/1/1972,Asia,SOUTH KOREA,0
1/1/1973,Asia,SOUTH KOREA,0
1/1/1974,Asia,SOUTH KOREA,0
1/1/1975,Asia,SOUTH KOREA,0
1/1/1976,Asia,SOUTH KOREA,0
1/1/1977,Asia,SOUTH KOREA,1
1/1/1978,Asia,SOUTH KOREA,1
1/1/1979,Asia,SOUTH KOREA,1
1/1/1980,Asia,SOUTH KOREA,1
1/1/1981,Asia,SOUTH KOREA,1
1/1/1982,Asia,SOUTH KOREA,2
1/1/1983,Asia,SOUTH KOREA,3
1/1/1984,Asia,SOUTH KOREA,3
1/1/1985,Asia,SOUTH KOREA,5
1/1/1986,Asia,SOUTH KOREA,7
1/1/1987,Asia,SOUTH KOREA,7
1/1/1988,Asia,SOUTH KOREA,8
1/1/1989,Asia,SOUTH KOREA,9
1/1/1990,Asia,SOUTH KOREA,9
1/1/1991,Asia,SOUTH KOREA,9
1/1/1992,Asia,SOUTH KOREA,9
1/1/1993,Asia,SOUTH KOREA,9
1/1/1994,Asia,SOUTH KOREA,10
1/1/1995,Asia,SOUTH KOREA,11
1/1/1996,Asia,SOUTH KOREA,11
1/1/1997,Asia,SOUTH KOREA,12
1/1/1998,Asia,SOUTH KOREA,15
1/1/1999,Asia,SOUTH KOREA,16
1/1/2000,Asia,SOUTH KOREA,16
1/1/2001,Asia,SOUTH KOREA,17
1/1/2002,Asia,SOUTH KOREA,18
1/1/2003,Asia,SOUTH KOREA,19
1/1/2004,Asia,SOUTH KOREA,19
1/1/2005,Asia,SOUTH KOREA,20
1/1/2006,Asia,SOUTH KOREA,20
1/1/2007,Asia,SOUTH KOREA,20
1/1/2008,Asia,SOUTH KOREA,20
1/1/2009,Asia,SOUTH KOREA,20
1/1/2010,Asia,SOUTH KOREA,21
1/1/2011,Asia,SOUTH KOREA,21
1/1/2012,Asia,SOUTH KOREA,23
1/1/2013,Asia,SOUTH KOREA,23
1/1/2014,Asia,SOUTH KOREA,23
1/1/2015,Asia,SOUTH KOREA,24
1/1/2016,Asia,SOUTH KOREA,25
1/1/2017,Asia,SOUTH KOREA,25
1/1/2018,Asia,SOUTH KOREA,24
1/1/2019,Asia,SOUTH KOREA,25
1/1/2020,Asia,SOUTH KOREA,24
1/1/1954,Europe,LITHUANIA,0
1/1/1955,Europe,LITHUANIA,0
1/1/1956,Europe,LITHUANIA,0
1/1/1957,Europe,LITHUANIA,0
1/1/1958,Europe,LITHUANIA,0
1/1/1959,Europe,LITHUANIA,0
1/1/1960,Europe,LITHUANIA,0
1/1/1961,Europe,LITHUANIA,0
1/1/1962,Europe,LITHUANIA,0
1/1/1963,Europe,LITHUANIA,0
1/1/1964,Europe,LITHUANIA,0
1/1/1965,Europe,LITHUANIA,0
1/1/1966,Europe,LITHUANIA,0
1/1/1967,Europe,LITHUANIA,0
1/1/1968,Europe,LITHUANIA,0
1/1/1969,Europe,LITHUANIA,0
1/1/1970,Europe,LITHUANIA,0
1/1/1971,Europe,LITHUANIA,0
1/1/1972,Europe,LITHUANIA,0
1/1/1973,Europe,LITHUANIA,0
1/1/1974,Europe,LITHUANIA,0
1/1/1975,Europe,LITHUANIA,0
1/1/1976,Europe,LITHUANIA,0
1/1/1977,Europe,LITHUANIA,0
1/1/1978,Europe,LITHUANIA,0
1/1/1979,Europe,LITHUANIA,0
1/1/1980,Europe,LITHUANIA,0
1/1/1981,Europe,LITHUANIA,0
1/1/1982,Europe,LITHUANIA,0
1/1/1983,Europe,LITHUANIA,1
1/1/1984,Europe,LITHUANIA,1
1/1/1985,Europe,LITHUANIA,1
1/1/1986,Europe,LITHUANIA,1
1/1/1987,Europe,LITHUANIA,2
1/1/1988,Europe,LITHUANIA,2
1/1/1989,Europe,LITHUANIA,2
1/1/1990,Europe,LITHUANIA,2
1/1/1991,Europe,LITHUANIA,2
1/1/1992,Europe,LITHUANIA,2
1/1/1993,Europe,LITHUANIA,2
1/1/1994,Europe,LITHUANIA,2
1/1/1995,Europe,LITHUANIA,2
1/1/1996,Europe,LITHUANIA,2
1/1/1997,Europe,LITHUANIA,2
1/1/1998,Europe,LITHUANIA,2
1/1/1999,Europe,LITHUANIA,2
1/1/2000,Europe,LITHUANIA,2
1/1/2001,Europe,LITHUANIA,2
1/1/2002,Europe,LITHUANIA,2
1/1/2003,Europe,LITHUANIA,2
1/1/2004,Europe,LITHUANIA,2
1/1/2005,Europe,LITHUANIA,1
1/1/2006,Europe,LITHUANIA,1
1/1/2007,Europe,LITHUANIA,1
1/1/2008,Europe,LITHUANIA,1
1/1/2009,Europe,LITHUANIA,1
1/1/2010,Europe,LITHUANIA,0
1/1/2011,Europe,LITHUANIA,0
1/1/2012,Europe,LITHUANIA,0
1/1/2013,Europe,LITHUANIA,0
1/1/2014,Europe,LITHUANIA,0
1/1/2015,Europe,LITHUANIA,0
1/1/2016,Europe,LITHUANIA,0
1/1/2017,Europe,LITHUANIA,0
1/1/2018,Europe,LITHUANIA,0
1/1/2019,Europe,LITHUANIA,0
1/1/2020,Europe,LITHUANIA,0
1/1/1954,Europe,NETHERLANDS,0
1/1/1955,Europe,NETHERLANDS,0
1/1/1956,Europe,NETHERLANDS,0
1/1/1957,Europe,NETHERLANDS,0
1/1/1958,Europe,NETHERLANDS,0
1/1/1959,Europe,NETHERLANDS,0
1/1/1960,Europe,NETHERLANDS,0
1/1/1961,Europe,NETHERLANDS,0
1/1/1962,Europe,NETHERLANDS,0
1/1/1963,Europe,NETHERLANDS,0
1/1/1964,Europe,NETHERLANDS,0
1/1/1965,Europe,NETHERLANDS,0
1/1/1966,Europe,NETHERLANDS,0
1/1/1967,Europe,NETHERLANDS,0
1/1/1968,Europe,NETHERLANDS,1
1/1/1969,Europe,NETHERLANDS,1
1/1/1970,Europe,NETHERLANDS,1
1/1/1971,Europe,NETHERLANDS,1
1/1/1972,Europe,NETHERLANDS,1
1/1/1973,Europe,NETHERLANDS,2
1/1/1974,Europe,NETHERLANDS,2
1/1/1975,Europe,NETHERLANDS,2
1/1/1976,Europe,NETHERLANDS,2
1/1/1977,Europe,NETHERLANDS,2
1/1/1978,Europe,NETHERLANDS,2
1/1/1979,Europe,NETHERLANDS,2
1/1/1980,Europe,NETHERLANDS,2
1/1/1981,Europe,NETHERLANDS,2
1/1/1982,Europe,NETHERLANDS,2
1/1/1983,Europe,NETHERLANDS,2
1/1/1984,Europe,NETHERLANDS,2
1/1/1985,Europe,NETHERLANDS,2
1/1/1986,Europe,NETHERLANDS,2
1/1/1987,Europe,NETHERLANDS,2
1/1/1988,Europe,NETHERLANDS,2
1/1/1989,Europe,NETHERLANDS,2
1/1/1990,Europe,NETHERLANDS,2
1/1/1991,Europe,NETHERLANDS,2
1/1/1992,Europe,NETHERLANDS,2
1/1/1993,Europe,NETHERLANDS,2
1/1/1994,Europe,NETHERLANDS,2
1/1/1995,Europe,NETHERLANDS,2
1/1/1996,Europe,NETHERLANDS,2
1/1/1997,Europe,NETHERLANDS,2
1/1/1998,Europe,NETHERLANDS,1
1/1/1999,Europe,NETHERLANDS,1
1/1/2000,Europe,NETHERLANDS,1
1/1/2001,Europe,NETHERLANDS,1
1/1/2002,Europe,NETHERLANDS,1
1/1/2003,Europe,NETHERLANDS,1
1/1/2004,Europe,NETHERLANDS,1
1/1/2005,Europe,NETHERLANDS,1
1/1/2006,Europe,NETHERLANDS,1
1/1/2007,Europe,NETHERLANDS,1
1/1/2008,Europe,NETHERLANDS,1
1/1/2009,Europe,NETHERLANDS,1
1/1/2010,Europe,NETHERLANDS,1
1/1/2011,Europe,NETHERLANDS,1
1/1/2012,Europe,NETHERLANDS,1
1/1/2013,Europe,NETHERLANDS,1
1/1/2014,Europe,NETHERLANDS,1
1/1/2015,Europe,NETHERLANDS,1
1/1/2016,Europe,NETHERLANDS,1
1/1/2017,Europe,NETHERLANDS,1
1/1/2018,Europe,NETHERLANDS,1
1/1/2019,Europe,NETHERLANDS,1
1/1/2020,Europe,NETHERLANDS,1
1/1/1954,Europe,RUSSIA,1
1/1/1955,Europe,RUSSIA,1
1/1/1956,Europe,RUSSIA,1
1/1/1957,Europe,RUSSIA,1
1/1/1958,Europe,RUSSIA,1
1/1/1959,Europe,RUSSIA,1
1/1/1960,Europe,RUSSIA,1
1/1/1961,Europe,RUSSIA,1
1/1/1962,Europe,RUSSIA,1
1/1/1963,Europe,RUSSIA,1
1/1/1964,Europe,RUSSIA,3
1/1/1965,Europe,RUSSIA,3
1/1/1966,Europe,RUSSIA,3
1/1/1967,Europe,RUSSIA,4
1/1/1968,Europe,RUSSIA,4
1/1/1969,Europe,RUSSIA,5
1/1/1970,Europe,RUSSIA,5
1/1/1971,Europe,RUSSIA,6
1/1/1972,Europe,RUSSIA,7
1/1/1973,Europe,RUSSIA,9
1/1/1974,Europe,RUSSIA,12
1/1/1975,Europe,RUSSIA,14
1/1/1976,Europe,RUSSIA,16
1/1/1977,Europe,RUSSIA,16
1/1/1978,Europe,RUSSIA,16
1/1/1979,Europe,RUSSIA,18
1/1/1980,Europe,RUSSIA,20
1/1/1981,Europe,RUSSIA,22
1/1/1982,Europe,RUSSIA,23
1/1/1983,Europe,RUSSIA,23
1/1/1984,Europe,RUSSIA,25
1/1/1985,Europe,RUSSIA,28
1/1/1986,Europe,RUSSIA,29
1/1/1987,Europe,RUSSIA,30
1/1/1988,Europe,RUSSIA,31
1/1/1989,Europe,RUSSIA,30
1/1/1990,Europe,RUSSIA,30
1/1/1991,Europe,RUSSIA,29
1/1/1992,Europe,RUSSIA,29
1/1/1993,Europe,RUSSIA,30
1/1/1994,Europe,RUSSIA,30
1/1/1995,Europe,RUSSIA,30
1/1/1996,Europe,RUSSIA,30
1/1/1997,Europe,RUSSIA,30
1/1/1998,Europe,RUSSIA,30
1/1/1999,Europe,RUSSIA,30
1/1/2000,Europe,RUSSIA,30
1/1/2001,Europe,RUSSIA,31
1/1/2002,Europe,RUSSIA,31
1/1/2003,Europe,RUSSIA,30
1/1/2004,Europe,RUSSIA,31
1/1/2005,Europe,RUSSIA,31
1/1/2006,Europe,RUSSIA,31
1/1/2007,Europe,RUSSIA,31
1/1/2008,Europe,RUSSIA,31
1/1/2009,Europe,RUSSIA,31
1/1/2010,Europe,RUSSIA,32
1/1/2011,Europe,RUSSIA,33
1/1/2012,Europe,RUSSIA,33
1/1/2013,Europe,RUSSIA,33
1/1/2014,Europe,RUSSIA,34
1/1/2015,Europe,RUSSIA,35
1/1/2016,Europe,RUSSIA,36
1/1/2017,Europe,RUSSIA,35
1/1/2018,Europe,RUSSIA,37
1/1/2019,Europe,RUSSIA,38
1/1/2020,Europe,RUSSIA,38
1/1/1954,Europe,SLOVAKIA,0
1/1/1955,Europe,SLOVAKIA,0
1/1/1956,Europe,SLOVAKIA,0
1/1/1957,Europe,SLOVAKIA,0
1/1/1958,Europe,SLOVAKIA,0
1/1/1959,Europe,SLOVAKIA,0
1/1/1960,Europe,SLOVAKIA,0
1/1/1961,Europe,SLOVAKIA,0
1/1/1962,Europe,SLOVAKIA,0
1/1/1963,Europe,SLOVAKIA,0
1/1/1964,Europe,SLOVAKIA,0
1/1/1965,Europe,SLOVAKIA,0
1/1/1966,Europe,SLOVAKIA,0
1/1/1967,Europe,SLOVAKIA,0
1/1/1968,Europe,SLOVAKIA,0
1/1/1969,Europe,SLOVAKIA,0
1/1/1970,Europe,SLOVAKIA,0
1/1/1971,Europe,SLOVAKIA,0
1/1/1972,Europe,SLOVAKIA,1
1/1/1973,Europe,SLOVAKIA,1
1/1/1974,Europe,SLOVAKIA,1
1/1/1975,Europe,SLOVAKIA,1
1/1/1976,Europe,SLOVAKIA,1
1/1/1977,Europe,SLOVAKIA,1
1/1/1978,Europe,SLOVAKIA,1
1/1/1979,Europe,SLOVAKIA,1
1/1/1980,Europe,SLOVAKIA,2
1/1/1981,Europe,SLOVAKIA,2
1/1/1982,Europe,SLOVAKIA,2
1/1/1983,Europe,SLOVAKIA,2
1/1/1984,Europe,SLOVAKIA,3
1/1/1985,Europe,SLOVAKIA,4
1/1/1986,Europe,SLOVAKIA,4
1/1/1987,Europe,SLOVAKIA,4
1/1/1988,Europe,SLOVAKIA,4
1/1/1989,Europe,SLOVAKIA,4
1/1/1990,Europe,SLOVAKIA,4
1/1/1991,Europe,SLOVAKIA,4
1/1/1992,Europe,SLOVAKIA,4
1/1/1993,Europe,SLOVAKIA,4
1/1/1994,Europe,SLOVAKIA,4
1/1/1995,Europe,SLOVAKIA,4
1/1/1996,Europe,SLOVAKIA,4
1/1/1997,Europe,SLOVAKIA,4
1/1/1998,Europe,SLOVAKIA,5
1/1/1999,Europe,SLOVAKIA,6
1/1/2000,Europe,SLOVAKIA,6
1/1/2001,Europe,SLOVAKIA,6
1/1/2002,Europe,SLOVAKIA,6
1/1/2003,Europe,SLOVAKIA,6
1/1/2004,Europe,SLOVAKIA,6
1/1/2005,Europe,SLOVAKIA,6
1/1/2006,Europe,SLOVAKIA,6
1/1/2007,Europe,SLOVAKIA,5
1/1/2008,Europe,SLOVAKIA,5
1/1/2009,Europe,SLOVAKIA,4
1/1/2010,Europe,SLOVAKIA,4
1/1/2011,Europe,SLOVAKIA,4
1/1/2012,Europe,SLOVAKIA,4
1/1/2013,Europe,SLOVAKIA,4
1/1/2014,Europe,SLOVAKIA,4
1/1/2015,Europe,SLOVAKIA,4
1/1/2016,Europe,SLOVAKIA,4
1/1/2017,Europe,SLOVAKIA,4
1/1/2018,Europe,SLOVAKIA,4
1/1/2019,Europe,SLOVAKIA,4
1/1/2020,Europe,SLOVAKIA,4
1/1/1954,Europe,SPAIN,0
1/1/1955,Europe,SPAIN,0
1/1/1956,Europe,SPAIN,0
1/1/1957,Europe,SPAIN,0
1/1/1958,Europe,SPAIN,0
1/1/1959,Europe,SPAIN,0
1/1/1960,Europe,SPAIN,0
1/1/1961,Europe,SPAIN,0
1/1/1962,Europe,SPAIN,0
1/1/1963,Europe,SPAIN,0
1/1/1964,Europe,SPAIN,0
1/1/1965,Europe,SPAIN,0
1/1/1966,Europe,SPAIN,0
1/1/1967,Europe,SPAIN,0
1/1/1968,Europe,SPAIN,1
1/1/1969,Europe,SPAIN,1
1/1/1970,Europe,SPAIN,1
1/1/1971,Europe,SPAIN,2
1/1/1972,Europe,SPAIN,3
1/1/1973,Europe,SPAIN,3
1/1/1974,Europe,SPAIN,3
1/1/1975,Europe,SPAIN,3
1/1/1976,Europe,SPAIN,3
1/1/1977,Europe,SPAIN,3
1/1/1978,Europe,SPAIN,3
1/1/1979,Europe,SPAIN,3
1/1/1980,Europe,SPAIN,3
1/1/1981,Europe,SPAIN,4
1/1/1982,Europe,SPAIN,4
1/1/1983,Europe,SPAIN,6
1/1/1984,Europe,SPAIN,7
1/1/1985,Europe,SPAIN,8
1/1/1986,Europe,SPAIN,8
1/1/1987,Europe,SPAIN,9
1/1/1988,Europe,SPAIN,10
1/1/1989,Europe,SPAIN,10
1/1/1990,Europe,SPAIN,10
1/1/1991,Europe,SPAIN,9
1/1/1992,Europe,SPAIN,9
1/1/1993,Europe,SPAIN,9
1/1/1994,Europe,SPAIN,9
1/1/1995,Europe,SPAIN,9
1/1/1996,Europe,SPAIN,9
1/1/1997,Europe,SPAIN,9
1/1/1998,Europe,SPAIN,9
1/1/1999,Europe,SPAIN,9
1/1/2000,Europe,SPAIN,9
1/1/2001,Europe,SPAIN,9
1/1/2002,Europe,SPAIN,9
1/1/2003,Europe,SPAIN,9
1/1/2004,Europe,SPAIN,9
1/1/2005,Europe,SPAIN,9
1/1/2006,Europe,SPAIN,9
1/1/2007,Europe,SPAIN,8
1/1/2008,Europe,SPAIN,8
1/1/2009,Europe,SPAIN,8
1/1/2010,Europe,SPAIN,8
1/1/2011,Europe,SPAIN,8
1/1/2012,Europe,SPAIN,8
1/1/2013,Europe,SPAIN,8
1/1/2014,Europe,SPAIN,8
1/1/2015,Europe,SPAIN,8
1/1/2016,Europe,SPAIN,8
1/1/2017,Europe,SPAIN,8
1/1/2018,Europe,SPAIN,7
1/1/2019,Europe,SPAIN,7
1/1/2020,Europe,SPAIN,7
1/1/1954,Europe,SWEDEN,0
1/1/1955,Europe,SWEDEN,0
1/1/1956,Europe,SWEDEN,0
1/1/1957,Europe,SWEDEN,0
1/1/1958,Europe,SWEDEN,0
1/1/1959,Europe,SWEDEN,0
1/1/1960,Europe,SWEDEN,0
1/1/1961,Europe,SWEDEN,0
1/1/1962,Europe,SWEDEN,0
1/1/1963,Europe,SWEDEN,0
1/1/1964,Europe,SWEDEN,1
1/1/1965,Europe,SWEDEN,1
1/1/1966,Europe,SWEDEN,1
1/1/1967,Europe,SWEDEN,1
1/1/1968,Europe,SWEDEN,1
1/1/1969,Europe,SWEDEN,1
1/1/1970,Europe,SWEDEN,1
1/1/1971,Europe,SWEDEN,2
1/1/1972,Europe,SWEDEN,2
1/1/1973,Europe,SWEDEN,2
1/1/1974,Europe,SWEDEN,5
1/1/1975,Europe,SWEDEN,5
1/1/1976,Europe,SWEDEN,5
1/1/1977,Europe,SWEDEN,6
1/1/1978,Europe,SWEDEN,6
1/1/1979,Europe,SWEDEN,6
1/1/1980,Europe,SWEDEN,8
1/1/1981,Europe,SWEDEN,9
1/1/1982,Europe,SWEDEN,10
1/1/1983,Europe,SWEDEN,10
1/1/1984,Europe,SWEDEN,10
1/1/1985,Europe,SWEDEN,12
1/1/1986,Europe,SWEDEN,12
1/1/1987,Europe,SWEDEN,12
1/1/1988,Europe,SWEDEN,12
1/1/1989,Europe,SWEDEN,12
1/1/1990,Europe,SWEDEN,12
1/1/1991,Europe,SWEDEN,12
1/1/1992,Europe,SWEDEN,12
1/1/1993,Europe,SWEDEN,12
1/1/1994,Europe,SWEDEN,12
1/1/1995,Europe,SWEDEN,12
1/1/1996,Europe,SWEDEN,12
1/1/1997,Europe,SWEDEN,12
1/1/1998,Europe,SWEDEN,12
1/1/1999,Europe,SWEDEN,12
1/1/2000,Europe,SWEDEN,11
1/1/2001,Europe,SWEDEN,11
1/1/2002,Europe,SWEDEN,11
1/1/2003,Europe,SWEDEN,11
1/1/2004,Europe,SWEDEN,11
1/1/2005,Europe,SWEDEN,11
1/1/2006,Europe,SWEDEN,10
1/1/2007,Europe,SWEDEN,10
1/1/2008,Europe,SWEDEN,10
1/1/2009,Europe,SWEDEN,10
1/1/2010,Europe,SWEDEN,10
1/1/2011,Europe,SWEDEN,10
1/1/2012,Europe,SWEDEN,10
1/1/2013,Europe,SWEDEN,10
1/1/2014,Europe,SWEDEN,10
1/1/2015,Europe,SWEDEN,10
1/1/2016,Europe,SWEDEN,10
1/1/2017,Europe,SWEDEN,9
1/1/2018,Europe,SWEDEN,8
1/1/2019,Europe,SWEDEN,8
1/1/2020,Europe,SWEDEN,7
1/1/1954,Europe,SWITZERLAND,0
1/1/1955,Europe,SWITZERLAND,0
1/1/1956,Europe,SWITZERLAND,0
1/1/1957,Europe,SWITZERLAND,0
1/1/1958,Europe,SWITZERLAND,0
1/1/1959,Europe,SWITZERLAND,0
1/1/1960,Europe,SWITZERLAND,0
1/1/1961,Europe,SWITZERLAND,0
1/1/1962,Europe,SWITZERLAND,0
1/1/1963,Europe,SWITZERLAND,0
1/1/1964,Europe,SWITZERLAND,0
1/1/1965,Europe,SWITZERLAND,0
1/1/1966,Europe,SWITZERLAND,0
1/1/1967,Europe,SWITZERLAND,0
1/1/1968,Europe,SWITZERLAND,1
1/1/1969,Europe,SWITZERLAND,1
1/1/1970,Europe,SWITZERLAND,1
1/1/1971,Europe,SWITZERLAND,3
1/1/1972,Europe,SWITZERLAND,3
1/1/1973,Europe,SWITZERLAND,3
1/1/1974,Europe,SWITZERLAND,3
1/1/1975,Europe,SWITZERLAND,3
1/1/1976,Europe,SWITZERLAND,3
1/1/1977,Europe,SWITZERLAND,3
1/1/1978,Europe,SWITZERLAND,3
1/1/1979,Europe,SWITZERLAND,4
1/1/1980,Europe,SWITZERLAND,4
1/1/1981,Europe,SWITZERLAND,4
1/1/1982,Europe,SWITZERLAND,4
1/1/1983,Europe,SWITZERLAND,4
1/1/1984,Europe,SWITZERLAND,5
1/1/1985,Europe,SWITZERLAND,5
1/1/1986,Europe,SWITZERLAND,5
1/1/1987,Europe,SWITZERLAND,5
1/1/1988,Europe,SWITZERLAND,5
1/1/1989,Europe,SWITZERLAND,5
1/1/1990,Europe,SWITZERLAND,5
1/1/1991,Europe,SWITZERLAND,5
1/1/1992,Europe,SWITZERLAND,5
1/1/1993,Europe,SWITZERLAND,5
1/1/1994,Europe,SWITZERLAND,5
1/1/1995,Europe,SWITZERLAND,5
1/1/1996,Europe,SWITZERLAND,5
1/1/1997,Europe,SWITZERLAND,5
1/1/1998,Europe,SWITZERLAND,5
1/1/1999,Europe,SWITZERLAND,5
1/1/2000,Europe,SWITZERLAND,5
1/1/2001,Europe,SWITZERLAND,5
1/1/2002,Europe,SWITZERLAND,5
1/1/2003,Europe,SWITZERLAND,5
1/1/2004,Europe,SWITZERLAND,5
1/1/2005,Europe,SWITZERLAND,5
1/1/2006,Europe,SWITZERLAND,5
1/1/2007,Europe,SWITZERLAND,5
1/1/2008,Europe,SWITZERLAND,5
1/1/2009,Europe,SWITZERLAND,5
1/1/2010,Europe,SWITZERLAND,5
1/1/2011,Europe,SWITZERLAND,5
1/1/2012,Europe,SWITZERLAND,5
1/1/2013,Europe,SWITZERLAND,5
1/1/2014,Europe,SWITZERLAND,5
1/1/2015,Europe,SWITZERLAND,5
1/1/2016,Europe,SWITZERLAND,5
1/1/2017,Europe,SWITZERLAND,5
1/1/2018,Europe,SWITZERLAND,5
1/1/2019,Europe,SWITZERLAND,5
1/1/2020,Europe,SWITZERLAND,4
1/1/1954,Europe,UK,0
1/1/1955,Europe,UK,0
1/1/1956,Europe,UK,1
1/1/1957,Europe,UK,2
1/1/1958,Europe,UK,3
1/1/1959,Europe,UK,7
1/1/1960,Europe,UK,8
1/1/1961,Europe,UK,8
1/1/1962,Europe,UK,13
1/1/1963,Europe,UK,14
1/1/1964,Europe,UK,16
1/1/1965,Europe,UK,22
1/1/1966,Europe,UK,24
1/1/1967,Europe,UK,26
1/1/1968,Europe,UK,27
1/1/1969,Europe,UK,27
1/1/1970,Europe,UK,27
1/1/1971,Europe,UK,29
1/1/1972,Europe,UK,29
1/1/1973,Europe,UK,29
1/1/1974,Europe,UK,29
1/1/1975,Europe,UK,30
1/1/1976,Europe,UK,33
1/1/1977,Europe,UK,34
1/1/1978,Europe,UK,33
1/1/1979,Europe,UK,33
1/1/1980,Europe,UK,33
1/1/1981,Europe,UK,33
1/1/1982,Europe,UK,32
1/1/1983,Europe,UK,35
1/1/1984,Europe,UK,37
1/1/1985,Europe,UK,38
1/1/1986,Europe,UK,38
1/1/1987,Europe,UK,38
1/1/1988,Europe,UK,41
1/1/1989,Europe,UK,41
1/1/1990,Europe,UK,39
1/1/1991,Europe,UK,37
1/1/1992,Europe,UK,35
1/1/1993,Europe,UK,35
1/1/1994,Europe,UK,35
1/1/1995,Europe,UK,35
1/1/1996,Europe,UK,35
1/1/1997,Europe,UK,35
1/1/1998,Europe,UK,35
1/1/1999,Europe,UK,35
1/1/2000,Europe,UK,35
1/1/2001,Europe,UK,33
1/1/2002,Europe,UK,33
1/1/2003,Europe,UK,31
1/1/2004,Europe,UK,27
1/1/2005,Europe,UK,23
1/1/2006,Europe,UK,23
1/1/2007,Europe,UK,19
1/1/2008,Europe,UK,19
1/1/2009,Europe,UK,19
1/1/2010,Europe,UK,19
1/1/2011,Europe,UK,19
1/1/2012,Europe,UK,18
1/1/2013,Europe,UK,16
1/1/2014,Europe,UK,16
1/1/2015,Europe,UK,16
1/1/2016,Europe,UK,15
1/1/2017,Europe,UK,15
1/1/2018,Europe,UK,15
1/1/2019,Europe,UK,15
1/1/2020,Europe,UK,15
1/1/1954,Europe,UKRAINE,0
1/1/1955,Europe,UKRAINE,0
1/1/1956,Europe,UKRAINE,0
1/1/1957,Europe,UKRAINE,0
1/1/1958,Europe,UKRAINE,0
1/1/1959,Europe,UKRAINE,0
1/1/1960,Europe,UKRAINE,0
1/1/1961,Europe,UKRAINE,0
1/1/1962,Europe,UKRAINE,0
1/1/1963,Europe,UKRAINE,0
1/1/1964,Europe,UKRAINE,0
1/1/1965,Europe,UKRAINE,0
1/1/1966,Europe,UKRAINE,0
1/1/1967,Europe,UKRAINE,0
1/1/1968,Europe,UKRAINE,0
1/1/1969,Europe,UKRAINE,0
1/1/1970,Europe,UKRAINE,0
1/1/1971,Europe,UKRAINE,0
1/1/1972,Europe,UKRAINE,0
1/1/1973,Europe,UKRAINE,0
1/1/1974,Europe,UKRAINE,0
1/1/1975,Europe,UKRAINE,0
1/1/1976,Europe,UKRAINE,0
1/1/1977,Europe,UKRAINE,1
1/1/1978,Europe,UKRAINE,2
1/1/1979,Europe,UKRAINE,2
1/1/1980,Europe,UKRAINE,3
1/1/1981,Europe,UKRAINE,5
1/1/1982,Europe,UKRAINE,6
1/1/1983,Europe,UKRAINE,7
1/1/1984,Europe,UKRAINE,8
1/1/1985,Europe,UKRAINE,10
1/1/1986,Europe,UKRAINE,12
1/1/1987,Europe,UKRAINE,13
1/1/1988,Europe,UKRAINE,13
1/1/1989,Europe,UKRAINE,15
1/1/1990,Europe,UKRAINE,15
1/1/1991,Europe,UKRAINE,15
1/1/1992,Europe,UKRAINE,14
1/1/1993,Europe,UKRAINE,14
1/1/1994,Europe,UKRAINE,14
1/1/1995,Europe,UKRAINE,15
1/1/1996,Europe,UKRAINE,15
1/1/1997,Europe,UKRAINE,14
1/1/1998,Europe,UKRAINE,14
1/1/1999,Europe,UKRAINE,14
1/1/2000,Europe,UKRAINE,14
1/1/2001,Europe,UKRAINE,13
1/1/2002,Europe,UKRAINE,13
1/1/2003,Europe,UKRAINE,13
1/1/2004,Europe,UKRAINE,15
1/1/2005,Europe,UKRAINE,15
1/1/2006,Europe,UKRAINE,15
1/1/2007,Europe,UKRAINE,15
1/1/2008,Europe,UKRAINE,15
1/1/2009,Europe,UKRAINE,15
1/1/2010,Europe,UKRAINE,15
1/1/2011,Europe,UKRAINE,15
1/1/2012,Europe,UKRAINE,15
1/1/2013,Europe,UKRAINE,15
1/1/2014,Europe,UKRAINE,15
1/1/2015,Europe,UKRAINE,15
1/1/2016,Europe,UKRAINE,15
1/1/2017,Europe,UKRAINE,15
1/1/2018,Europe,UKRAINE,15
1/1/2019,Europe,UKRAINE,15
1/1/2020,Europe,UKRAINE,15
1/1/1954,North America,USA,0
1/1/1955,North America,USA,0
1/1/1956,North America,USA,0
1/1/1957,North America,USA,2
1/1/1958,North America,USA,2
1/1/1959,North America,USA,2
1/1/1960,North America,USA,4
1/1/1961,North America,USA,4
1/1/1962,North America,USA,6
1/1/1963,North America,USA,11
1/1/1964,North America,USA,11
1/1/1965,North America,USA,10
1/1/1966,North America,USA,11
1/1/1967,North America,USA,14
1/1/1968,North America,USA,14
1/1/1969,North America,USA,15
1/1/1970,North America,USA,19
1/1/1971,North America,USA,22
1/1/1972,North America,USA,30
1/1/1973,North America,USA,38
1/1/1974,North America,USA,50
1/1/1975,North America,USA,54
1/1/1976,North America,USA,62
1/1/1977,North America,USA,64
1/1/1978,North America,USA,69
1/1/1979,North America,USA,68
1/1/1980,North America,USA,69
1/1/1981,North America,USA,73
1/1/1982,North America,USA,77
1/1/1983,North America,USA,79
1/1/1984,North America,USA,85
1/1/1985,North America,USA,93
1/1/1986,North America,USA,100
1/1/1987,North America,USA,108
1/1/1988,North America,USA,109
1/1/1989,North America,USA,112
1/1/1990,North America,USA,111
1/1/1991,North America,USA,111
1/1/1992,North America,USA,110
1/1/1993,North America,USA,109
1/1/1994,North America,USA,109
1/1/1995,North America,USA,109
1/1/1996,North America,USA,110
1/1/1997,North America,USA,109
1/1/1998,North America,USA,107
1/1/1999,North America,USA,104
1/1/2000,North America,USA,104
1/1/2001,North America,USA,104
1/1/2002,North America,USA,104
1/1/2003,North America,USA,104
1/1/2004,North America,USA,104
1/1/2005,North America,USA,104
1/1/2006,North America,USA,104
1/1/2007,North America,USA,104
1/1/2008,North America,USA,104
1/1/2009,North America,USA,104
1/1/2010,North America,USA,104
1/1/2011,North America,USA,104
1/1/2012,North America,USA,104
1/1/2013,North America,USA,104
1/1/2014,North America,USA,100
1/1/2015,North America,USA,99
1/1/2016,North America,USA,100
1/1/2017,North America,USA,99
1/1/2018,North America,USA,99
1/1/2019,North America,USA,98
1/1/2020,North America,USA,96
1/1/1954,Europe,CZECHIA,0
1/1/1955,Europe,CZECHIA,0
1/1/1956,Europe,CZECHIA,0
1/1/1957,Europe,CZECHIA,0
1/1/1958,Europe,CZECHIA,0
1/1/1959,Europe,CZECHIA,0
1/1/1960,Europe,CZECHIA,0
1/1/1961,Europe,CZECHIA,0
1/1/1962,Europe,CZECHIA,0
1/1/1963,Europe,CZECHIA,0
1/1/1964,Europe,CZECHIA,0
1/1/1965,Europe,CZECHIA,0
1/1/1966,Europe,CZECHIA,0
1/1/1967,Europe,CZECHIA,0
1/1/1968,Europe,CZECHIA,0
1/1/1969,Europe,CZECHIA,0
1/1/1970,Europe,CZECHIA,0
1/1/1971,Europe,CZECHIA,0
1/1/1972,Europe,CZECHIA,0
1/1/1973,Europe,CZECHIA,0
1/1/1974,Europe,CZECHIA,0
1/1/1975,Europe,CZECHIA,0
1/1/1976,Europe,CZECHIA,0
1/1/1977,Europe,CZECHIA,0
1/1/1978,Europe,CZECHIA,0
1/1/1979,Europe,CZECHIA,0
1/1/1980,Europe,CZECHIA,0
1/1/1981,Europe,CZECHIA,0
1/1/1982,Europe,CZECHIA,0
1/1/1983,Europe,CZECHIA,0
1/1/1984,Europe,CZECHIA,0
1/1/1985,Europe,CZECHIA,1
1/1/1986,Europe,CZECHIA,3
1/1/1987,Europe,CZECHIA,4
1/1/1988,Europe,CZECHIA,4
1/1/1989,Europe,CZECHIA,4
1/1/1990,Europe,CZECHIA,4
1/1/1991,Europe,CZECHIA,4
1/1/1992,Europe,CZECHIA,4
1/1/1993,Europe,CZECHIA,4
1/1/1994,Europe,CZECHIA,4
1/1/1995,Europe,CZECHIA,4
1/1/1996,Europe,CZECHIA,4
1/1/1997,Europe,CZECHIA,4
1/1/1998,Europe,CZECHIA,4
1/1/1999,Europe,CZECHIA,4
1/1/2000,Europe,CZECHIA,5
1/1/2001,Europe,CZECHIA,5
1/1/2002,Europe,CZECHIA,6
1/1/2003,Europe,CZECHIA,6
1/1/2004,Europe,CZECHIA,6
1/1/2005,Europe,CZECHIA,6
1/1/2006,Europe,CZECHIA,6
1/1/2007,Europe,CZECHIA,6
1/1/2008,Europe,CZECHIA,6
1/1/2009,Europe,CZECHIA,6
1/1/2010,Europe,CZECHIA,6
1/1/2011,Europe,CZECHIA,6
1/1/2012,Europe,CZECHIA,6
1/1/2013,Europe,CZECHIA,6
1/1/2014,Europe,CZECHIA,6
1/1/2015,Europe,CZECHIA,6
1/1/2016,Europe,CZECHIA,6
1/1/2017,Europe,CZECHIA,6
1/1/2018,Europe,CZECHIA,6
1/1/2019,Europe,CZECHIA,6
1/1/2020,Europe,CZECHIA,6
1/1/1954,Europe,SLOVENIA,0
1/1/1955,Europe,SLOVENIA,0
1/1/1956,Europe,SLOVENIA,0
1/1/1957,Europe,SLOVENIA,0
1/1/1958,Europe,SLOVENIA,0
1/1/1959,Europe,SLOVENIA,0
1/1/1960,Europe,SLOVENIA,0
1/1/1961,Europe,SLOVENIA,0
1/1/1962,Europe,SLOVENIA,0
1/1/1963,Europe,SLOVENIA,0
1/1/1964,Europe,SLOVENIA,0
1/1/1965,Europe,SLOVENIA,0
1/1/1966,Europe,SLOVENIA,0
1/1/1967,Europe,SLOVENIA,0
1/1/1968,Europe,SLOVENIA,0
1/1/1969,Europe,SLOVENIA,0
1/1/1970,Europe,SLOVENIA,0
1/1/1971,Europe,SLOVENIA,0
1/1/1972,Europe,SLOVENIA,0
1/1/1973,Europe,SLOVENIA,0
1/1/1974,Europe,SLOVENIA,0
1/1/1975,Europe,SLOVENIA,0
1/1/1976,Europe,SLOVENIA,0
1/1/1977,Europe,SLOVENIA,0
1/1/1978,Europe,SLOVENIA,0
1/1/1979,Europe,SLOVENIA,0
1/1/1980,Europe,SLOVENIA,0
1/1/1981,Europe,SLOVENIA,1
1/1/1982,Europe,SLOVENIA,1
1/1/1983,Europe,SLOVENIA,1
1/1/1984,Europe,SLOVENIA,1
1/1/1985,Europe,SLOVENIA,1
1/1/1986,Europe,SLOVENIA,1
1/1/1987,Europe,SLOVENIA,1
1/1/1988,Europe,SLOVENIA,1
1/1/1989,Europe,SLOVENIA,1
1/1/1990,Europe,SLOVENIA,1
1/1/1991,Europe,SLOVENIA,1
1/1/1992,Europe,SLOVENIA,1
1/1/1993,Europe,SLOVENIA,1
1/1/1994,Europe,SLOVENIA,1
1/1/1995,Europe,SLOVENIA,1
1/1/1996,Europe,SLOVENIA,1
1/1/1997,Europe,SLOVENIA,1
1/1/1998,Europe,SLOVENIA,1
1/1/1999,Europe,SLOVENIA,1
1/1/2000,Europe,SLOVENIA,1
1/1/2001,Europe,SLOVENIA,1
1/1/2002,Europe,SLOVENIA,1
1/1/2003,Europe,SLOVENIA,1
1/1/2004,Europe,SLOVENIA,1
1/1/2005,Europe,SLOVENIA,1
1/1/2006,Europe,SLOVENIA,1
1/1/2007,Europe,SLOVENIA,1
1/1/2008,Europe,SLOVENIA,1
1/1/2009,Europe,SLOVENIA,1
1/1/2010,Europe,SLOVENIA,1
1/1/2011,Europe,SLOVENIA,1
1/1/2012,Europe,SLOVENIA,1
1/1/2013,Europe,SLOVENIA,1
1/1/2014,Europe,SLOVENIA,1
1/1/2015,Europe,SLOVENIA,1
1/1/2016,Europe,SLOVENIA,1
1/1/2017,Europe,SLOVENIA,1
1/1/2018,Europe,SLOVENIA,1
1/1/2019,Europe,SLOVENIA,1
1/1/2020,Europe,SLOVENIA,1
1/1/1954,Europe,ROMANIA,0
1/1/1955,Europe,ROMANIA,0
1/1/1956,Europe,ROMANIA,0
1/1/1957,Europe,ROMANIA,0
1/1/1958,Europe,ROMANIA,0
1/1/1959,Europe,ROMANIA,0
1/1/1960,Europe,ROMANIA,0
1/1/1961,Europe,ROMANIA,0
1/1/1962,Europe,ROMANIA,0
1/1/1963,Europe,ROMANIA,0
1/1/1964,Europe,ROMANIA,0
1/1/1965,Europe,ROMANIA,0
1/1/1966,Europe,ROMANIA,0
1/1/1967,Europe,ROMANIA,0
1/1/1968,Europe,ROMANIA,0
1/1/1969,Europe,ROMANIA,0
1/1/1970,Europe,ROMANIA,0
1/1/1971,Europe,ROMANIA,0
1/1/1972,Europe,ROMANIA,0
1/1/1973,Europe,ROMANIA,0
1/1/1974,Europe,ROMANIA,0
1/1/1975,Europe,ROMANIA,0
1/1/1976,Europe,ROMANIA,0
1/1/1977,Europe,ROMANIA,0
1/1/1978,Europe,ROMANIA,0
1/1/1979,Europe,ROMANIA,0
1/1/1980,Europe,ROMANIA,0
1/1/1981,Europe,ROMANIA,0
1/1/1982,Europe,ROMANIA,0
1/1/1983,Europe,ROMANIA,0
1/1/1984,Europe,ROMANIA,0
1/1/1985,Europe,ROMANIA,0
1/1/1986,Europe,ROMANIA,0
1/1/1987,Europe,ROMANIA,0
1/1/1988,Europe,ROMANIA,0
1/1/1989,Europe,ROMANIA,0
1/1/1990,Europe,ROMANIA,0
1/1/1991,Europe,ROMANIA,0
1/1/1992,Europe,ROMANIA,0
1/1/1993,Europe,ROMANIA,0
1/1/1994,Europe,ROMANIA,0
1/1/1995,Europe,ROMANIA,0
1/1/1996,Europe,ROMANIA,1
1/1/1997,Europe,ROMANIA,1
1/1/1998,Europe,ROMANIA,1
1/1/1999,Europe,ROMANIA,1
1/1/2000,Europe,ROMANIA,1
1/1/2001,Europe,ROMANIA,1
1/1/2002,Europe,ROMANIA,1
1/1/2003,Europe,ROMANIA,1
1/1/2004,Europe,ROMANIA,1
1/1/2005,Europe,ROMANIA,1
1/1/2006,Europe,ROMANIA,1
1/1/2007,Europe,ROMANIA,2
1/1/2008,Europe,ROMANIA,2
1/1/2009,Europe,ROMANIA,2
1/1/2010,Europe,ROMANIA,2
1/1/2011,Europe,ROMANIA,2
1/1/2012,Europe,ROMANIA,2
1/1/2013,Europe,ROMANIA,2
1/1/2014,Europe,ROMANIA,2
1/1/2015,Europe,ROMANIA,2
1/1/2016,Europe,ROMANIA,2
1/1/2017,Europe,ROMANIA,2
1/1/2018,Europe,ROMANIA,2
1/1/2019,Europe,ROMANIA,2
1/1/2020,Europe,ROMANIA,2
1/1/1954,Asia,INDIA,0
1/1/1955,Asia,INDIA,0
1/1/1956,Asia,INDIA,0
1/1/1957,Asia,INDIA,0
1/1/1958,Asia,INDIA,0
1/1/1959,Asia,INDIA,0
1/1/1960,Asia,INDIA,0
1/1/1961,Asia,INDIA,0
1/1/1962,Asia,INDIA,0
1/1/1963,Asia,INDIA,0
1/1/1964,Asia,INDIA,0
1/1/1965,Asia,INDIA,0
1/1/1966,Asia,INDIA,0
1/1/1967,Asia,INDIA,0
1/1/1968,Asia,INDIA,0
1/1/1969,Asia,INDIA,2
1/1/1970,Asia,INDIA,2
1/1/1971,Asia,INDIA,2
1/1/1972,Asia,INDIA,3
1/1/1973,Asia,INDIA,3
1/1/1974,Asia,INDIA,3
1/1/1975,Asia,INDIA,3
1/1/1976,Asia,INDIA,3
1/1/1977,Asia,INDIA,3
1/1/1978,Asia,INDIA,3
1/1/1979,Asia,INDIA,3
1/1/1980,Asia,INDIA,4
1/1/1981,Asia,INDIA,4
1/1/1982,Asia,INDIA,4
1/1/1983,Asia,INDIA,5
1/1/1984,Asia,INDIA,5
1/1/1985,Asia,INDIA,6
1/1/1986,Asia,INDIA,6
1/1/1987,Asia,INDIA,6
1/1/1988,Asia,INDIA,6
1/1/1989,Asia,INDIA,7
1/1/1990,Asia,INDIA,7
1/1/1991,Asia,INDIA,7
1/1/1992,Asia,INDIA,9
1/1/1993,Asia,INDIA,9
1/1/1994,Asia,INDIA,9
1/1/1995,Asia,INDIA,10
1/1/1996,Asia,INDIA,10
1/1/1997,Asia,INDIA,10
1/1/1998,Asia,INDIA,10
1/1/1999,Asia,INDIA,11
1/1/2000,Asia,INDIA,14
1/1/2001,Asia,INDIA,14
1/1/2002,Asia,INDIA,14
1/1/2003,Asia,INDIA,14
1/1/2004,Asia,INDIA,14
1/1/2005,Asia,INDIA,15
1/1/2006,Asia,INDIA,16
1/1/2007,Asia,INDIA,17
1/1/2008,Asia,INDIA,17
1/1/2009,Asia,INDIA,18
1/1/2010,Asia,INDIA,19
1/1/2011,Asia,INDIA,20
1/1/2012,Asia,INDIA,20
1/1/2013,Asia,INDIA,21
1/1/2014,Asia,INDIA,21
1/1/2015,Asia,INDIA,21
1/1/2016,Asia,INDIA,22
1/1/2017,Asia,INDIA,22
1/1/2018,Asia,INDIA,22
1/1/2019,Asia,INDIA,22
1/1/2020,Asia,INDIA,22
1/1/1954,Asia,CHINA,0
1/1/1955,Asia,CHINA,0
1/1/1956,Asia,CHINA,0
1/1/1957,Asia,CHINA,0
1/1/1958,Asia,CHINA,0
1/1/1959,Asia,CHINA,0
1/1/1960,Asia,CHINA,0
1/1/1961,Asia,CHINA,0
1/1/1962,Asia,CHINA,0
1/1/1963,Asia,CHINA,0
1/1/1964,Asia,CHINA,0
1/1/1965,Asia,CHINA,0
1/1/1966,Asia,CHINA,0
1/1/1967,Asia,CHINA,0
1/1/1968,Asia,CHINA,0
1/1/1969,Asia,CHINA,0
1/1/1970,Asia,CHINA,0
1/1/1971,Asia,CHINA,0
1/1/1972,Asia,CHINA,0
1/1/1973,Asia,CHINA,0
1/1/1974,Asia,CHINA,0
1/1/1975,Asia,CHINA,0
1/1/1976,Asia,CHINA,0
1/1/1977,Asia,CHINA,0
1/1/1978,Asia,CHINA,0
1/1/1979,Asia,CHINA,0
1/1/1980,Asia,CHINA,0
1/1/1981,Asia,CHINA,0
1/1/1982,Asia,CHINA,0
1/1/1983,Asia,CHINA,0
1/1/1984,Asia,CHINA,0
1/1/1985,Asia,CHINA,0
1/1/1986,Asia,CHINA,0
1/1/1987,Asia,CHINA,0
1/1/1988,Asia,CHINA,0
1/1/1989,Asia,CHINA,0
1/1/1990,Asia,CHINA,0
1/1/1991,Asia,CHINA,1
1/1/1992,Asia,CHINA,1
1/1/1993,Asia,CHINA,2
1/1/1994,Asia,CHINA,3
1/1/1995,Asia,CHINA,3
1/1/1996,Asia,CHINA,3
1/1/1997,Asia,CHINA,3
1/1/1998,Asia,CHINA,3
1/1/1999,Asia,CHINA,3
1/1/2000,Asia,CHINA,3
1/1/2001,Asia,CHINA,3
1/1/2002,Asia,CHINA,7
1/1/2003,Asia,CHINA,8
1/1/2004,Asia,CHINA,9
1/1/2005,Asia,CHINA,9
1/1/2006,Asia,CHINA,10
1/1/2007,Asia,CHINA,11
1/1/2008,Asia,CHINA,11
1/1/2009,Asia,CHINA,11
1/1/2010,Asia,CHINA,13
1/1/2011,Asia,CHINA,16
1/1/2012,Asia,CHINA,17
1/1/2013,Asia,CHINA,20
1/1/2014,Asia,CHINA,23
1/1/2015,Asia,CHINA,31
1/1/2016,Asia,CHINA,36
1/1/2017,Asia,CHINA,39
1/1/2018,Asia,CHINA,46
1/1/2019,Asia,CHINA,48
1/1/2020,Asia,CHINA,48
1/1/1954,Africa,SOUTH AFRICA,0
1/1/1955,Africa,SOUTH AFRICA,0
1/1/1956,Africa,SOUTH AFRICA,0
1/1/1957,Africa,SOUTH AFRICA,0
1/1/1958,Africa,SOUTH AFRICA,0
1/1/1959,Africa,SOUTH AFRICA,0
1/1/1960,Africa,SOUTH AFRICA,0
1/1/1961,Africa,SOUTH AFRICA,0
1/1/1962,Africa,SOUTH AFRICA,0
1/1/1963,Africa,SOUTH AFRICA,0
1/1/1964,Africa,SOUTH AFRICA,0
1/1/1965,Africa,SOUTH AFRICA,0
1/1/1966,Africa,SOUTH AFRICA,0
1/1/1967,Africa,SOUTH AFRICA,0
1/1/1968,Africa,SOUTH AFRICA,0
1/1/1969,Africa,SOUTH AFRICA,0
1/1/1970,Africa,SOUTH AFRICA,0
1/1/1971,Africa,SOUTH AFRICA,0
1/1/1972,Africa,SOUTH AFRICA,0
1/1/1973,Africa,SOUTH AFRICA,0
1/1/1974,Africa,SOUTH AFRICA,0
1/1/1975,Africa,SOUTH AFRICA,0
1/1/1976,Africa,SOUTH AFRICA,0
1/1/1977,Africa,SOUTH AFRICA,0
1/1/1978,Africa,SOUTH AFRICA,0
1/1/1979,Africa,SOUTH AFRICA,0
1/1/1980,Africa,SOUTH AFRICA,0
1/1/1981,Africa,SOUTH AFRICA,0
1/1/1982,Africa,SOUTH AFRICA,0
1/1/1983,Africa,SOUTH AFRICA,0
1/1/1984,Africa,SOUTH AFRICA,1
1/1/1985,Africa,SOUTH AFRICA,2
1/1/1986,Africa,SOUTH AFRICA,2
1/1/1987,Africa,SOUTH AFRICA,2
1/1/1988,Africa,SOUTH AFRICA,2
1/1/1989,Africa,SOUTH AFRICA,2
1/1/1990,Africa,SOUTH AFRICA,2
1/1/1991,Africa,SOUTH AFRICA,2
1/1/1992,Africa,SOUTH AFRICA,2
1/1/1993,Africa,SOUTH AFRICA,2
1/1/1994,Africa,SOUTH AFRICA,2
1/1/1995,Africa,SOUTH AFRICA,2
1/1/1996,Africa,SOUTH AFRICA,2
1/1/1997,Africa,SOUTH AFRICA,2
1/1/1998,Africa,SOUTH AFRICA,2
1/1/1999,Africa,SOUTH AFRICA,2
1/1/2000,Africa,SOUTH AFRICA,2
1/1/2001,Africa,SOUTH AFRICA,2
1/1/2002,Africa,SOUTH AFRICA,2
1/1/2003,Africa,SOUTH AFRICA,2
1/1/2004,Africa,SOUTH AFRICA,2
1/1/2005,Africa,SOUTH AFRICA,2
1/1/2006,Africa,SOUTH AFRICA,2
1/1/2007,Africa,SOUTH AFRICA,2
1/1/2008,Africa,SOUTH AFRICA,2
1/1/2009,Africa,SOUTH AFRICA,2
1/1/2010,Africa,SOUTH AFRICA,2
1/1/2011,Africa,SOUTH AFRICA,2
1/1/2012,Africa,SOUTH AFRICA,2
1/1/2013,Africa,SOUTH AFRICA,2
1/1/2014,Africa,SOUTH AFRICA,2
1/1/2015,Africa,SOUTH AFRICA,2
1/1/2016,Africa,SOUTH AFRICA,2
1/1/2017,Africa,SOUTH AFRICA,2
1/1/2018,Africa,SOUTH AFRICA,2
1/1/2019,Africa,SOUTH AFRICA,2
1/1/2020,Africa,SOUTH AFRICA,2
1/1/1954,Europe,HUNGARY,0
1/1/1955,Europe,HUNGARY,0
1/1/1956,Europe,HUNGARY,0
1/1/1957,Europe,HUNGARY,0
1/1/1958,Europe,HUNGARY,0
1/1/1959,Europe,HUNGARY,0
1/1/1960,Europe,HUNGARY,0
1/1/1961,Europe,HUNGARY,0
1/1/1962,Europe,HUNGARY,0
1/1/1963,Europe,HUNGARY,0
1/1/1964,Europe,HUNGARY,0
1/1/1965,Europe,HUNGARY,0
1/1/1966,Europe,HUNGARY,0
1/1/1967,Europe,HUNGARY,0
1/1/1968,Europe,HUNGARY,0
1/1/1969,Europe,HUNGARY,0
1/1/1970,Europe,HUNGARY,0
1/1/1971,Europe,HUNGARY,0
1/1/1972,Europe,HUNGARY,0
1/1/1973,Europe,HUNGARY,0
1/1/1974,Europe,HUNGARY,0
1/1/1975,Europe,HUNGARY,0
1/1/1976,Europe,HUNGARY,0
1/1/1977,Europe,HUNGARY,0
1/1/1978,Europe,HUNGARY,0
1/1/1979,Europe,HUNGARY,0
1/1/1980,Europe,HUNGARY,0
1/1/1981,Europe,HUNGARY,0
1/1/1982,Europe,HUNGARY,1
1/1/1983,Europe,HUNGARY,1
1/1/1984,Europe,HUNGARY,2
1/1/1985,Europe,HUNGARY,2
1/1/1986,Europe,HUNGARY,3
1/1/1987,Europe,HUNGARY,4
1/1/1988,Europe,HUNGARY,4
1/1/1989,Europe,HUNGARY,4
1/1/1990,Europe,HUNGARY,4
1/1/1991,Europe,HUNGARY,4
1/1/1992,Europe,HUNGARY,4
1/1/1993,Europe,HUNGARY,4
1/1/1994,Europe,HUNGARY,4
1/1/1995,Europe,HUNGARY,4
1/1/1996,Europe,HUNGARY,4
1/1/1997,Europe,HUNGARY,4
1/1/1998,Europe,HUNGARY,4
1/1/1999,Europe,HUNGARY,4
1/1/2000,Europe,HUNGARY,4
1/1/2001,Europe,HUNGARY,4
1/1/2002,Europe,HUNGARY,4
1/1/2003,Europe,HUNGARY,4
1/1/2004,Europe,HUNGARY,4
1/1/2005,Europe,HUNGARY,4
1/1/2006,Europe,HUNGARY,4
1/1/2007,Europe,HUNGARY,4
1/1/2008,Europe,HUNGARY,4
1/1/2009,Europe,HUNGARY,4
1/1/2010,Europe,HUNGARY,4
1/1/2011,Europe,HUNGARY,4
1/1/2012,Europe,HUNGARY,4
1/1/2013,Europe,HUNGARY,4
1/1/2014,Europe,HUNGARY,4
1/1/2015,Europe,HUNGARY,4
1/1/2016,Europe,HUNGARY,4
1/1/2017,Europe,HUNGARY,4
1/1/2018,Europe,HUNGARY,4
1/1/2019,Europe,HUNGARY,4
1/1/2020,Europe,HUNGARY,4
1/1/1954,Europe,FINLAND,0
1/1/1955,Europe,FINLAND,0
1/1/1956,Europe,FINLAND,0
1/1/1957,Europe,FINLAND,0
1/1/1958,Europe,FINLAND,0
1/1/1959,Europe,FINLAND,0
1/1/1960,Europe,FINLAND,0
1/1/1961,Europe,FINLAND,0
1/1/1962,Europe,FINLAND,0
1/1/1963,Europe,FINLAND,0
1/1/1964,Europe,FINLAND,0
1/1/1965,Europe,FINLAND,0
1/1/1966,Europe,FINLAND,0
1/1/1967,Europe,FINLAND,0
1/1/1968,Europe,FINLAND,0
1/1/1969,Europe,FINLAND,0
1/1/1970,Europe,FINLAND,0
1/1/1971,Europe,FINLAND,0
1/1/1972,Europe,FINLAND,0
1/1/1973,Europe,FINLAND,0
1/1/1974,Europe,FINLAND,0
1/1/1975,Europe,FINLAND,0
1/1/1976,Europe,FINLAND,0
1/1/1977,Europe,FINLAND,1
1/1/1978,Europe,FINLAND,2
1/1/1979,Europe,FINLAND,2
1/1/1980,Europe,FINLAND,4
1/1/1981,Europe,FINLAND,4
1/1/1982,Europe,FINLAND,4
1/1/1983,Europe,FINLAND,4
1/1/1984,Europe,FINLAND,4
1/1/1985,Europe,FINLAND,4
1/1/1986,Europe,FINLAND,4
1/1/1987,Europe,FINLAND,4
1/1/1988,Europe,FINLAND,4
1/1/1989,Europe,FINLAND,4
1/1/1990,Europe,FINLAND,4
1/1/1991,Europe,FINLAND,4
1/1/1992,Europe,FINLAND,4
1/1/1993,Europe,FINLAND,4
1/1/1994,Europe,FINLAND,4
1/1/1995,Europe,FINLAND,4
1/1/1996,Europe,FINLAND,4
1/1/1997,Europe,FINLAND,4
1/1/1998,Europe,FINLAND,4
1/1/1999,Europe,FINLAND,4
1/1/2000,Europe,FINLAND,4
1/1/2001,Europe,FINLAND,4
1/1/2002,Europe,FINLAND,4
1/1/2003,Europe,FINLAND,4
1/1/2004,Europe,FINLAND,4
1/1/2005,Europe,FINLAND,4
1/1/2006,Europe,FINLAND,4
1/1/2007,Europe,FINLAND,4
1/1/2008,Europe,FINLAND,4
1/1/2009,Europe,FINLAND,4
1/1/2010,Europe,FINLAND,4
1/1/2011,Europe,FINLAND,4
1/1/2012,Europe,FINLAND,4
1/1/2013,Europe,FINLAND,4
1/1/2014,Europe,FINLAND,4
1/1/2015,Europe,FINLAND,4
1/1/2016,Europe,FINLAND,4
1/1/2017,Europe,FINLAND,4
1/1/2018,Europe,FINLAND,4
1/1/2019,Europe,FINLAND,4
1/1/2020,Europe,FINLAND,4
1/1/1954,South America,BRAZIL,0
1/1/1955,South America,BRAZIL,0
1/1/1956,South America,BRAZIL,0
1/1/1957,South America,BRAZIL,0
1/1/1958,South America,BRAZIL,0
1/1/1959,South America,BRAZIL,0
1/1/1960,South America,BRAZIL,0
1/1/1961,South America,BRAZIL,0
1/1/1962,South America,BRAZIL,0
1/1/1963,South America,BRAZIL,0
1/1/1964,South America,BRAZIL,0
1/1/1965,South America,BRAZIL,0
1/1/1966,South America,BRAZIL,0
1/1/1967,South America,BRAZIL,0
1/1/1968,South America,BRAZIL,0
1/1/1969,South America,BRAZIL,0
1/1/1970,South America,BRAZIL,0
1/1/1971,South America,BRAZIL,0
1/1/1972,South America,BRAZIL,0
1/1/1973,South America,BRAZIL,0
1/1/1974,South America,BRAZIL,0
1/1/1975,South America,BRAZIL,0
1/1/1976,South America,BRAZIL,0
1/1/1977,South America,BRAZIL,0
1/1/1978,South America,BRAZIL,0
1/1/1979,South America,BRAZIL,0
1/1/1980,South America,BRAZIL,0
1/1/1981,South America,BRAZIL,0
1/1/1982,South America,BRAZIL,1
1/1/1983,South America,BRAZIL,1
1/1/1984,South America,BRAZIL,1
1/1/1985,South America,BRAZIL,1
1/1/1986,South America,BRAZIL,1
1/1/1987,South America,BRAZIL,1
1/1/1988,South America,BRAZIL,1
1/1/1989,South America,BRAZIL,1
1/1/1990,South America,BRAZIL,1
1/1/1991,South America,BRAZIL,1
1/1/1992,South America,BRAZIL,1
1/1/1993,South America,BRAZIL,1
1/1/1994,South America,BRAZIL,1
1/1/1995,South America,BRAZIL,1
1/1/1996,South America,BRAZIL,1
1/1/1997,South America,BRAZIL,1
1/1/1998,South America,BRAZIL,1
1/1/1999,South America,BRAZIL,1
1/1/2000,South America,BRAZIL,2
1/1/2001,South America,BRAZIL,2
1/1/2002,South America,BRAZIL,2
1/1/2003,South America,BRAZIL,2
1/1/2004,South America,BRAZIL,2
1/1/2005,South America,BRAZIL,2
1/1/2006,South America,BRAZIL,2
1/1/2007,South America,BRAZIL,2
1/1/2008,South America,BRAZIL,2
1/1/2009,South America,BRAZIL,2
1/1/2010,South America,BRAZIL,2
1/1/2011,South America,BRAZIL,2
1/1/2012,South America,BRAZIL,2
1/1/2013,South America,BRAZIL,2
1/1/2014,South America,BRAZIL,2
1/1/2015,South America,BRAZIL,2
1/1/2016,South America,BRAZIL,2
1/1/2017,South America,BRAZIL,2
1/1/2018,South America,BRAZIL,2
1/1/2019,South America,BRAZIL,2
1/1/2020,South America,BRAZIL,2
1/1/1954,Asia,IRAN,0
1/1/1955,Asia,IRAN,0
1/1/1956,Asia,IRAN,0
1/1/1957,Asia,IRAN,0
1/1/1958,Asia,IRAN,0
1/1/1959,Asia,IRAN,0
1/1/1960,Asia,IRAN,0
1/1/1961,Asia,IRAN,0
1/1/1962,Asia,IRAN,0
1/1/1963,Asia,IRAN,0
1/1/1964,Asia,IRAN,0
1/1/1965,Asia,IRAN,0
1/1/1966,Asia,IRAN,0
1/1/1967,Asia,IRAN,0
1/1/1968,Asia,IRAN,0
1/1/1969,Asia,IRAN,0
1/1/1970,Asia,IRAN,0
1/1/1971,Asia,IRAN,0
1/1/1972,Asia,IRAN,0
1/1/1973,Asia,IRAN,0
1/1/1974,Asia,IRAN,0
1/1/1975,Asia,IRAN,0
1/1/1976,Asia,IRAN,0
1/1/1977,Asia,IRAN,0
1/1/1978,Asia,IRAN,0
1/1/1979,Asia,IRAN,0
1/1/1980,Asia,IRAN,0
1/1/1981,Asia,IRAN,0
1/1/1982,Asia,IRAN,0
1/1/1983,Asia,IRAN,0
1/1/1984,Asia,IRAN,0
1/1/1985,Asia,IRAN,0
1/1/1986,Asia,IRAN,0
1/1/1987,Asia,IRAN,0
1/1/1988,Asia,IRAN,0
1/1/1989,Asia,IRAN,0
1/1/1990,Asia,IRAN,0
1/1/1991,Asia,IRAN,0
1/1/1992,Asia,IRAN,0
1/1/1993,Asia,IRAN,0
1/1/1994,Asia,IRAN,0
1/1/1995,Asia,IRAN,0
1/1/1996,Asia,IRAN,0
1/1/1997,Asia,IRAN,0
1/1/1998,Asia,IRAN,0
1/1/1999,Asia,IRAN,0
1/1/2000,Asia,IRAN,0
1/1/2001,Asia,IRAN,0
1/1/2002,Asia,IRAN,0
1/1/2003,Asia,IRAN,0
1/1/2004,Asia,IRAN,0
1/1/2005,Asia,IRAN,0
1/1/2006,Asia,IRAN,0
1/1/2007,Asia,IRAN,0
1/1/2008,Asia,IRAN,0
1/1/2009,Asia,IRAN,0
1/1/2010,Asia,IRAN,0
1/1/2011,Asia,IRAN,1
1/1/2012,Asia,IRAN,1
1/1/2013,Asia,IRAN,1
1/1/2014,Asia,IRAN,1
1/1/2015,Asia,IRAN,1
1/1/2016,Asia,IRAN,1
1/1/2017,Asia,IRAN,1
1/1/2018,Asia,IRAN,1
1/1/2019,Asia,IRAN,1
1/1/2020,Asia,IRAN,1
1/1/1954,South America,ARGENTINA,0
1/1/1955,South America,ARGENTINA,0
1/1/1956,South America,ARGENTINA,0
1/1/1957,South America,ARGENTINA,0
1/1/1958,South America,ARGENTINA,0
1/1/1959,South America,ARGENTINA,0
1/1/1960,South America,ARGENTINA,0
1/1/1961,South America,ARGENTINA,0
1/1/1962,South America,ARGENTINA,0
1/1/1963,South America,ARGENTINA,0
1/1/1964,South America,ARGENTINA,0
1/1/1965,South America,ARGENTINA,0
1/1/1966,South America,ARGENTINA,0
1/1/1967,South America,ARGENTINA,0
1/1/1968,South America,ARGENTINA,0
1/1/1969,South America,ARGENTINA,0
1/1/1970,South America,ARGENTINA,0
1/1/1971,South America,ARGENTINA,0
1/1/1972,South America,ARGENTINA,0
1/1/1973,South America,ARGENTINA,0
1/1/1974,South America,ARGENTINA,1
1/1/1975,South America,ARGENTINA,1
1/1/1976,South America,ARGENTINA,1
1/1/1977,South America,ARGENTINA,1
1/1/1978,South America,ARGENTINA,1
1/1/1979,South America,ARGENTINA,1
1/1/1980,South America,ARGENTINA,1
1/1/1981,South America,ARGENTINA,1
1/1/1982,South America,ARGENTINA,1
1/1/1983,South America,ARGENTINA,2
1/1/1984,South America,ARGENTINA,2
1/1/1985,South America,ARGENTINA,2
1/1/1986,South America,ARGENTINA,2
1/1/1987,South America,ARGENTINA,2
1/1/1988,South America,ARGENTINA,2
1/1/1989,South America,ARGENTINA,2
1/1/1990,South America,ARGENTINA,2
1/1/1991,South America,ARGENTINA,2
1/1/1992,South America,ARGENTINA,2
1/1/1993,South America,ARGENTINA,2
1/1/1994,South America,ARGENTINA,2
1/1/1995,South America,ARGENTINA,2
1/1/1996,South America,ARGENTINA,2
1/1/1997,South America,ARGENTINA,2
1/1/1998,South America,ARGENTINA,2
1/1/1999,South America,ARGENTINA,2
1/1/2000,South America,ARGENTINA,2
1/1/2001,South America,ARGENTINA,2
1/1/2002,South America,ARGENTINA,2
1/1/2003,South America,ARGENTINA,2
1/1/2004,South America,ARGENTINA,2
1/1/2005,South America,ARGENTINA,2
1/1/2006,South America,ARGENTINA,2
1/1/2007,South America,ARGENTINA,2
1/1/2008,South America,ARGENTINA,2
1/1/2009,South America,ARGENTINA,2
1/1/2010,South America,ARGENTINA,2
1/1/2011,South America,ARGENTINA,2
1/1/2012,South America,ARGENTINA,2
1/1/2013,South America,ARGENTINA,2
1/1/2014,South America,ARGENTINA,3
1/1/2015,South America,ARGENTINA,3
1/1/2016,South America,ARGENTINA,3
1/1/2017,South America,ARGENTINA,3
1/1/2018,South America,ARGENTINA,3
1/1/2019,South America,ARGENTINA,3
1/1/2020,South America,ARGENTINA,3
1/1/1954,Asia,PAKISTAN,0
1/1/1955,Asia,PAKISTAN,0
1/1/1956,Asia,PAKISTAN,0
1/1/1957,Asia,PAKISTAN,0
1/1/1958,Asia,PAKISTAN,0
1/1/1959,Asia,PAKISTAN,0
1/1/1960,Asia,PAKISTAN,0
1/1/1961,Asia,PAKISTAN,0
1/1/1962,Asia,PAKISTAN,0
1/1/1963,Asia,PAKISTAN,0
1/1/1964,Asia,PAKISTAN,0
1/1/1965,Asia,PAKISTAN,0
1/1/1966,Asia,PAKISTAN,0
1/1/1967,Asia,PAKISTAN,0
1/1/1968,Asia,PAKISTAN,0
1/1/1969,Asia,PAKISTAN,0
1/1/1970,Asia,PAKISTAN,0
1/1/1971,Asia,PAKISTAN,1
1/1/1972,Asia,PAKISTAN,1
1/1/1973,Asia,PAKISTAN,1
1/1/1974,Asia,PAKISTAN,1
1/1/1975,Asia,PAKISTAN,1
1/1/1976,Asia,PAKISTAN,1
1/1/1977,Asia,PAKISTAN,1
1/1/1978,Asia,PAKISTAN,1
1/1/1979,Asia,PAKISTAN,1
1/1/1980,Asia,PAKISTAN,1
1/1/1981,Asia,PAKISTAN,1
1/1/1982,Asia,PAKISTAN,1
1/1/1983,Asia,PAKISTAN,1
1/1/1984,Asia,PAKISTAN,1
1/1/1985,Asia,PAKISTAN,1
1/1/1986,Asia,PAKISTAN,1
1/1/1987,Asia,PAKISTAN,1
1/1/1988,Asia,PAKISTAN,1
1/1/1989,Asia,PAKISTAN,1
1/1/1990,Asia,PAKISTAN,1
1/1/1991,Asia,PAKISTAN,1
1/1/1992,Asia,PAKISTAN,1
1/1/1993,Asia,PAKISTAN,1
1/1/1994,Asia,PAKISTAN,1
1/1/1995,Asia,PAKISTAN,1
1/1/1996,Asia,PAKISTAN,1
1/1/1997,Asia,PAKISTAN,1
1/1/1998,Asia,PAKISTAN,1
1/1/1999,Asia,PAKISTAN,1
1/1/2000,Asia,PAKISTAN,2
1/1/2001,Asia,PAKISTAN,2
1/1/2002,Asia,PAKISTAN,2
1/1/2003,Asia,PAKISTAN,2
1/1/2004,Asia,PAKISTAN,2
1/1/2005,Asia,PAKISTAN,2
1/1/2006,Asia,PAKISTAN,2
1/1/2007,Asia,PAKISTAN,2
1/1/2008,Asia,PAKISTAN,2
1/1/2009,Asia,PAKISTAN,2
1/1/2010,Asia,PAKISTAN,2
1/1/2011,Asia,PAKISTAN,3
1/1/2012,Asia,PAKISTAN,3
1/1/2013,Asia,PAKISTAN,3
1/1/2014,Asia,PAKISTAN,3
1/1/2015,Asia,PAKISTAN,3
1/1/2016,Asia,PAKISTAN,4
1/1/2017,Asia,PAKISTAN,5
1/1/2018,Asia,PAKISTAN,5
1/1/2019,Asia,PAKISTAN,5
1/1/2020,Asia,PAKISTAN,5
1/1/1954,North America,MEXICO,0
1/1/1955,North America,MEXICO,0
1/1/1956,North America,MEXICO,0
1/1/1957,North America,MEXICO,0
1/1/1958,North America,MEXICO,0
1/1/1959,North America,MEXICO,0
1/1/1960,North America,MEXICO,0
1/1/1961,North America,MEXICO,0
1/1/1962,North America,MEXICO,0
1/1/1963,North America,MEXICO,0
1/1/1964,North America,MEXICO,0
1/1/1965,North America,MEXICO,0
1/1/1966,North America,MEXICO,0
1/1/1967,North America,MEXICO,0
1/1/1968,North America,MEXICO,0
1/1/1969,North America,MEXICO,0
1/1/1970,North America,MEXICO,0
1/1/1971,North America,MEXICO,0
1/1/1972,North America,MEXICO,0
1/1/1973,North America,MEXICO,0
1/1/1974,North America,MEXICO,0
1/1/1975,North America,MEXICO,0
1/1/1976,North America,MEXICO,0
1/1/1977,North America,MEXICO,0
1/1/1978,North America,MEXICO,0
1/1/1979,North America,MEXICO,0
1/1/1980,North America,MEXICO,0
1/1/1981,North America,MEXICO,0
1/1/1982,North America,MEXICO,0
1/1/1983,North America,MEXICO,0
1/1/1984,North America,MEXICO,0
1/1/1985,North America,MEXICO,0
1/1/1986,North America,MEXICO,0
1/1/1987,North America,MEXICO,0
1/1/1988,North America,MEXICO,0
1/1/1989,North America,MEXICO,1
1/1/1990,North America,MEXICO,1
1/1/1991,North America,MEXICO,1
1/1/1992,North America,MEXICO,1
1/1/1993,North America,MEXICO,1
1/1/1994,North America,MEXICO,2
1/1/1995,North America,MEXICO,2
1/1/1996,North America,MEXICO,2
1/1/1997,North America,MEXICO,2
1/1/1998,North America,MEXICO,2
1/1/1999,North America,MEXICO,2
1/1/2000,North America,MEXICO,2
1/1/2001,North America,MEXICO,2
1/1/2002,North America,MEXICO,2
1/1/2003,North America,MEXICO,2
1/1/2004,North America,MEXICO,2
1/1/2005,North America,MEXICO,2
1/1/2006,North America,MEXICO,2
1/1/2007,North America,MEXICO,2
1/1/2008,North America,MEXICO,2
1/1/2009,North America,MEXICO,2
1/1/2010,North America,MEXICO,2
1/1/2011,North America,MEXICO,2
1/1/2012,North America,MEXICO,2
1/1/2013,North America,MEXICO,2
1/1/2014,North America,MEXICO,2
1/1/2015,North America,MEXICO,2
1/1/2016,North America,MEXICO,2
1/1/2017,North America,MEXICO,2
1/1/2018,North America,MEXICO,2
1/1/2019,North America,MEXICO,2
1/1/2020,North America,MEXICO,2
