Status,Country,ReactorCode,Reactor Name,Type,Grid Connection,Commercial operation,Shutdown,LinkA,LinkB
Shut Down,ARMENIA,AM-18,ARMENIAN-1, PWR,12/1/1976,10/1/1977,2/1/1989,nan,nan
Shut Down,BELGIUM,BE-1,BR-3, PWR,10/1/1962,10/1/1962,6/1/1987,https://en.wikipedia.org/wiki/Nuclear_energy_in_Belgium,https://science.sckcen.be/en/Facilities/BR3
Shut Down,BULGARIA,BG-1,KOZLODUY-1, PWR,7/1/1974,10/1/1974,12/1/2002,https://en.wikipedia.org/wiki/Kozloduy_Nuclear_Power_Plant,https://en.wikipedia.org/wiki/Kozloduy_Nuclear_Power_Plant
Shut Down,CANADA,CA-2,DOUGLAS POINT, PHWR,1/1/1967,9/1/1968,5/1/1984,https://en.wikipedia.org/wiki/Douglas_Point_Nuclear_Generating_Station,https://en.wikipedia.org/wiki/Douglas_Point_Nuclear_Generating_Station
Shut Down,CANADA,CA-3,GENTILLY-1, HWLWR,4/1/1971,5/1/1972,6/1/1977,https://en.wikipedia.org/wiki/Gentilly_Nuclear_Generating_Station,https://en.wikipedia.org/wiki/Gentilly_Nuclear_Generating_Station
Shut Down,CANADA,CA-5,PICKERING-2, PHWR,10/1/1971,12/1/1971,5/1/2007,https://en.wikipedia.org/wiki/Pickering_Nuclear_Generating_Station,https://en.wikipedia.org/wiki/Pickering_Nuclear_Generating_Station
Shut Down,CANADA,CA-1,ROLPHTON NPD, PHWR,6/1/1962,10/1/1962,8/1/1987,https://en.wikipedia.org/wiki/Nuclear_Power_Demonstration,https://en.wikipedia.org/wiki/Nuclear_Power_Demonstration
Shut Down,FRANCE,FR-9,BUGEY-1, GCR,4/1/1972,7/1/1972,5/1/1994,https://en.wikipedia.org/wiki/Bugey_Nuclear_Power_Plant,https://en.wikipedia.org/wiki/Bugey_Nuclear_Power_Plant
Shut Down,FRANCE,FR-2,CHINON A-1, GCR,6/1/1963,2/1/1964,4/1/1973,https://en.wikipedia.org/wiki/Chinon_Nuclear_Power_Plant,https://en.wikipedia.org/wiki/Chinon_Nuclear_Power_Plant
Shut Down,FRANCE,FR-5,CHOOZ-A (ARDENNES), PWR,4/1/1967,4/1/1967,10/1/1991,https://en.wikipedia.org/wiki/Chooz_Nuclear_Power_Plant,https://en.wikipedia.org/wiki/Chooz_Nuclear_Power_Plant
Shut Down,FRANCE,FR-6,EL-4 (MONTS D'ARREE), HWGCR,7/1/1967,6/1/1968,7/1/1985,https://en.wikipedia.org/wiki/Brennilis_Nuclear_Power_Plant,https://en.wikipedia.org/wiki/Brennilis_Nuclear_Power_Plant
Shut Down,FRANCE,FR-1B,G-2 (MARCOULE), GCR,4/1/1959,4/1/1959,2/1/1980,https://en.wikipedia.org/wiki/Marcoule_Nuclear_Site,nan
Shut Down,FRANCE,FR-10,PHENIX, FBR,12/1/1973,7/1/1974,2/1/2010,https://en.wikipedia.org/wiki/Ph%25C3%25A9nix,https://en.wikipedia.org/wiki/Ph%25C3%25A9nix
Shut Down,FRANCE,FR-7,ST. LAURENT A-1, GCR,3/1/1969,6/1/1969,4/1/1990,https://en.wikipedia.org/wiki/Saint-Laurent_Nuclear_Power_Plant,https://en.wikipedia.org/wiki/Saint-Laurent_Nuclear_Power_Plant
Shut Down,FRANCE,FR-24,SUPER-PHENIX, FBR,1/1/1986,12/1/1986,12/1/1998,https://en.wikipedia.org/wiki/Superph%25C3%25A9nix,https://en.wikipedia.org/wiki/Superph%25C3%25A9nix
Shut Down,GERMANY,DE-4,AVR JUELICH, HTGR,12/1/1967,5/1/1969,12/1/1988,https://en.wikipedia.org/wiki/AVR_reactor,https://en.wikipedia.org/wiki/AVR_reactor
Shut Down,GERMANY,DE-12,BIBLIS-A, PWR,8/1/1974,2/1/1975,8/1/2011,https://en.wikipedia.org/wiki/Biblis_Nuclear_Power_Plant,https://en.wikipedia.org/wiki/Biblis_Nuclear_Power_Plant
Shut Down,GERMANY,DE-13,BRUNSBUETTEL, BWR,7/1/1976,2/1/1977,8/1/2011,https://en.wikipedia.org/wiki/Brunsb%25C3%25BCttel_Nuclear_Power_Plant,https://en.wikipedia.org/wiki/Brunsb%25C3%25BCttel_Nuclear_Power_Plant
Shut Down,GERMANY,DE-23,GRAFENRHEINFELD, PWR,12/1/1981,6/1/1982,6/1/2015,https://en.wikipedia.org/wiki/Grafenrheinfeld_nuclear_power_plant,https://en.wikipedia.org/wiki/Grafenrheinfeld_nuclear_power_plant
Shut Down,GERMANY,DE-502,GREIFSWALD-1, PWR,12/1/1973,7/1/1974,2/1/1990,https://en.wikipedia.org/wiki/Greifswald_Nuclear_Power_Plant,https://en.wikipedia.org/wiki/Greifswald_Nuclear_Power_Plant
Shut Down,GERMANY,DE-3,GUNDREMMINGEN-A, BWR,12/1/1966,4/1/1967,1/1/1977,https://en.wikipedia.org/wiki/Gundremmingen_Nuclear_Power_Plant,https://en.wikipedia.org/wiki/Gundremmingen_Nuclear_Power_Plant
Shut Down,GERMANY,DE-7,HDR GROSSWELZHEIM, BWR,10/1/1969,8/1/1970,4/1/1971,https://en.wikipedia.org/wiki/Gro%25C3%259Fwelzheim_Nuclear_Power_Plant,https://en.wikipedia.org/wiki/Gro%25C3%259Fwelzheim_Nuclear_Power_Plant
Shut Down,GERMANY,DE-16,ISAR-1, BWR,12/1/1977,3/1/1979,8/1/2011,https://en.wikipedia.org/wiki/Isar_Nuclear_Power_Plant,https://en.wikipedia.org/wiki/Isar_Nuclear_Power_Plant
Shut Down,GERMANY,DE-8,KNK II, FBR,4/1/1978,3/1/1979,8/1/1991,https://en.wikipedia.org/wiki/List_of_power_stations_in_Germany,nan
Shut Down,GERMANY,DE-20,KRUEMMEL, BWR,9/1/1983,3/1/1984,8/1/2011,https://en.wikipedia.org/wiki/Kr%25C3%25BCmmel_Nuclear_Power_Plant,https://en.wikipedia.org/wiki/Kr%25C3%25BCmmel_Nuclear_Power_Plant
Shut Down,GERMANY,DE-6,LINGEN, BWR,7/1/1968,10/1/1968,1/1/1977,https://en.wikipedia.org/wiki/Lingen_Nuclear_Power_Plant,https://www.world-nuclear.org/reactor/default.aspx/LINGEN
Shut Down,GERMANY,DE-22,MUELHEIM-KAERLICH, PWR,3/1/1986,8/1/1987,9/1/1988,https://en.wikipedia.org/wiki/M%25C3%25BClheim-K%25C3%25A4rlich_Nuclear_Power_Plant,https://en.wikipedia.org/wiki/M%25C3%25BClheim-K%25C3%25A4rlich_Nuclear_Power_Plant
Shut Down,GERMANY,DE-2,MZFR, PHWR,3/1/1966,12/1/1966,5/1/1984,https://en.wikipedia.org/wiki/List_of_power_stations_in_Germany,nan
Shut Down,GERMANY,DE-15,NECKARWESTHEIM-1, PWR,6/1/1976,12/1/1976,8/1/2011,https://en.wikipedia.org/wiki/Neckarwestheim_Nuclear_Power_Plant,https://en.wikipedia.org/wiki/Neckarwestheim_Nuclear_Power_Plant
Shut Down,GERMANY,DE-11,NIEDERAICHBACH, HWGCR,1/1/1973,1/1/1973,7/1/1974,https://en.wikipedia.org/wiki/Niederaichbach_Nuclear_Power_Plant,https://en.wikipedia.org/wiki/Niederaichbach_Nuclear_Power_Plant
Shut Down,GERMANY,DE-5,OBRIGHEIM, PWR,10/1/1968,3/1/1969,5/1/2005,https://en.wikipedia.org/wiki/Obrigheim_Nuclear_Power_Plant,https://en.wikipedia.org/wiki/Obrigheim_Nuclear_Power_Plant
Shut Down,GERMANY,DE-14,PHILIPPSBURG-1, BWR,5/1/1979,3/1/1980,8/1/2011,https://en.wikipedia.org/wiki/Philippsburg_Nuclear_Power_Plant,https://en.wikipedia.org/wiki/Philippsburg_Nuclear_Power_Plant
Shut Down,GERMANY,DE-501,RHEINSBERG, PWR,5/1/1966,10/1/1966,6/1/1990,https://en.wikipedia.org/wiki/Rheinsberg_Nuclear_Power_Plant,https://en.wikipedia.org/wiki/Rheinsberg_Nuclear_Power_Plant
Shut Down,GERMANY,DE-10,STADE, PWR,1/1/1972,5/1/1972,11/1/2003,https://en.wikipedia.org/wiki/Stade_Nuclear_Power_Plant,https://en.wikipedia.org/wiki/Stade_Nuclear_Power_Plant
Shut Down,GERMANY,DE-19,THTR-300, HTGR,11/1/1985,6/1/1987,9/1/1988,https://en.wikipedia.org/wiki/THTR-300,https://en.wikipedia.org/wiki/THTR-300
Shut Down,GERMANY,DE-17,UNTERWESER, PWR,9/1/1978,9/1/1979,8/1/2011,https://en.wikipedia.org/wiki/Unterweser_Nuclear_Power_Plant,https://en.wikipedia.org/wiki/Unterweser_Nuclear_Power_Plant
Shut Down,GERMANY,DE-1,VAK KAHL, BWR,6/1/1961,2/1/1962,11/1/1985,https://en.wikipedia.org/wiki/Kahl_Nuclear_Power_Plant,nan
Shut Down,GERMANY,DE-9,WUERGASSEN, BWR,12/1/1971,11/1/1975,8/1/1994,https://en.wikipedia.org/wiki/Nuclear_power_in_Germany,nan
Shut Down,ITALY,IT-4,CAORSO, BWR,5/1/1978,12/1/1981,7/1/1990,https://en.wikipedia.org/wiki/Caorso_Nuclear_Power_Plant,https://en.wikipedia.org/wiki/Caorso_Nuclear_Power_Plant
Shut Down,ITALY,IT-3,ENRICO FERMI, PWR,10/1/1964,1/1/1965,7/1/1990,https://en.wikipedia.org/wiki/Enrico_Fermi,https://en.wikipedia.org/wiki/Enrico_Fermi
Shut Down,ITALY,IT-2,GARIGLIANO, BWR,1/1/1964,6/1/1964,3/1/1982,https://en.wikipedia.org/wiki/Garigliano_Nuclear_Power_Plant,https://en.wikipedia.org/wiki/Garigliano_Nuclear_Power_Plant
Shut Down,ITALY,IT-1,LATINA, GCR,5/1/1963,1/1/1964,12/1/1987,https://en.wikipedia.org/wiki/Latina_Nuclear_Power_Plant,https://en.wikipedia.org/wiki/Latina_Nuclear_Power_Plant
Shut Down,JAPAN,JP-20,FUGEN ATR, HWLWR,7/1/1978,3/1/1979,3/1/2003,https://en.wikipedia.org/wiki/Fugen_Nuclear_Power_Plant,https://en.wikipedia.org/wiki/Fugen_Nuclear_Power_Plant
Shut Down,JAPAN,JP-5,FUKUSHIMA-DAIICHI-1, BWR,11/1/1970,3/1/1971,5/1/2011,https://en.wikipedia.org/wiki/Fukushima_Daiichi_nuclear_disaster_(Unit_1_Reactor),https://en.wikipedia.org/wiki/Fukushima_Daiichi_Nuclear_Power_Plant
Shut Down,JAPAN,JP-12,GENKAI-1, PWR,2/1/1975,10/1/1975,4/1/2015,https://en.wikipedia.org/wiki/Genkai_Nuclear_Power_Plant,https://en.wikipedia.org/wiki/Genkai_Nuclear_Power_Plant
Shut Down,JAPAN,JP-11,HAMAOKA-1, BWR,8/1/1974,3/1/1976,1/1/2009,https://en.wikipedia.org/wiki/Hamaoka_Nuclear_Power_Plant,https://en.wikipedia.org/wiki/Hamaoka_Nuclear_Power_Plant
Shut Down,JAPAN,JP-23,IKATA-1, PWR,2/1/1977,9/1/1977,5/1/2016,https://en.wikipedia.org/wiki/Ikata_Nuclear_Power_Plant,https://en.wikipedia.org/wiki/Ikata_Nuclear_Power_Plant
Shut Down,JAPAN,JP-1,JPDR, BWR,10/1/1963,3/1/1965,3/1/1976,https://en.wikipedia.org/wiki/Nuclear_power_in_Japan,nan
Shut Down,JAPAN,JP-4,MIHAMA-1, PWR,8/1/1970,11/1/1970,4/1/2015,https://en.wikipedia.org/wiki/Mihama_Nuclear_Power_Plant,https://en.wikipedia.org/wiki/Mihama_Nuclear_Power_Plant
Shut Down,JAPAN,JP-31,MONJU, FBR,8/1/1995,,12/1/2017,https://en.wikipedia.org/wiki/Monju_Nuclear_Power_Plant,https://en.wikipedia.org/wiki/Monju_Nuclear_Power_Plant
Shut Down,JAPAN,JP-15,OHI-1, PWR,12/1/1977,3/1/1979,3/1/2018,https://en.wikipedia.org/wiki/%25C5%258Ci_Nuclear_Power_Plant,https://en.wikipedia.org/wiki/%25C5%258Ci_Nuclear_Power_Plant
Shut Down,JAPAN,JP-22,ONAGAWA-1, BWR,11/1/1983,6/1/1984,12/1/2018,https://en.wikipedia.org/wiki/Onagawa_Nuclear_Power_Plant,https://en.wikipedia.org/wiki/Onagawa_Nuclear_Power_Plant
Shut Down,JAPAN,JP-7,SHIMANE-1, BWR,12/1/1973,3/1/1974,4/1/2015,https://en.wikipedia.org/wiki/Shimane_Nuclear_Power_Plant,https://en.wikipedia.org/wiki/Shimane_Nuclear_Power_Plant
Shut Down,JAPAN,JP-2,TOKAI-1, GCR,11/1/1965,7/1/1966,3/1/1998,https://en.wikipedia.org/wiki/T%25C5%258Dkai_Nuclear_Power_Plant,https://en.wikipedia.org/wiki/T%25C5%258Dkai_Nuclear_Power_Plant
Shut Down,JAPAN,JP-3,TSURUGA-1, BWR,11/1/1969,3/1/1970,4/1/2015,https://en.wikipedia.org/wiki/Tsuruga_Nuclear_Power_Plant,https://en.wikipedia.org/wiki/Tsuruga_Nuclear_Power_Plant
Shut Down,KAZAKHSTAN,KZ-10,AKTAU, FBR,7/1/1973,7/1/1973,4/1/1999,https://en.wikipedia.org/wiki/BN-350_reactor,https://en.wikipedia.org/wiki/BN-350_reactor
Shut Down,"KOREA,REP.OF",KR-1,KORI-1, PWR,6/1/1977,4/1/1978,6/1/2017,https://en.wikipedia.org/wiki/Kori_Nuclear_Power_Plant,https://www.nti.org/learn/facilities/5/
Shut Down,"KOREA,REP.OF",KR-3,WOLSONG-1, PHWR,12/1/1982,4/1/1983,12/1/2019,https://en.wikipedia.org/wiki/Wolseong_Nuclear_Power_Plant,https://en.wikipedia.org/wiki/Wolseong_Nuclear_Power_Plant
Shut Down,LITHUANIA,LT-46,IGNALINA-1, LWGR,12/1/1983,5/1/1985,12/1/2004,https://en.wikipedia.org/wiki/Ignalina_Nuclear_Power_Plant,https://en.wikipedia.org/wiki/Ignalina_Nuclear_Power_Plant
Shut Down,NETHERLANDS,NL-1,DODEWAARD, BWR,10/1/1968,3/1/1969,3/1/1997,https://en.wikipedia.org/wiki/Dodewaard_nuclear_power_plant,https://en.wikipedia.org/wiki/Dodewaard_nuclear_power_plant
Shut Down,RUSSIA,RU-1,APS-1 OBNINSK, LWGR,6/1/1954,12/1/1954,4/1/2002,https://en.wikipedia.org/wiki/Obninsk_Nuclear_Power_Plant,https://www.world-nuclear.org/reactor/default.aspx/APS-1%2520OBNINSK
Shut Down,RUSSIA,RU-3,BELOYARSK-1, LWGR,4/1/1964,4/1/1964,1/1/1983,https://en.wikipedia.org/wiki/Beloyarsk_Nuclear_Power_Station,https://en.wikipedia.org/wiki/Beloyarsk_Nuclear_Power_Station
Shut Down,RUSSIA,RU-141,BILIBINO-1, LWGR,1/1/1974,4/1/1974,1/1/2019,https://en.wikipedia.org/wiki/Bilibino_Nuclear_Power_Plant,https://en.wikipedia.org/wiki/Bilibino_Nuclear_Power_Plant
Shut Down,RUSSIA,RU-15,LENINGRAD-1, LWGR,12/1/1973,11/1/1974,12/1/2018,https://en.wikipedia.org/wiki/Leningrad_Nuclear_Power_Plant,https://en.wikipedia.org/wiki/Leningrad_Nuclear_Power_Plant
Shut Down,RUSSIA,RU-4,NOVOVORONEZH-1, PWR,9/1/1964,12/1/1964,2/1/1988,https://en.wikipedia.org/wiki/Novovoronezh_Nuclear_Power_Plant,https://en.wikipedia.org/wiki/Novovoronezh_Nuclear_Power_Plant
Shut Down,SLOVAKIA,SK-1,BOHUNICE A1, HWGCR,12/1/1972,12/1/1972,2/1/1977,https://en.wikipedia.org/wiki/Bohunice_Nuclear_Power_Plant,https://en.wikipedia.org/wiki/Bohunice_Nuclear_Power_Plant
Shut Down,SLOVAKIA,SK-2,BOHUNICE-1, PWR,12/1/1978,4/1/1980,12/1/2006,https://en.wikipedia.org/wiki/Bohunice_Nuclear_Power_Plant,https://en.wikipedia.org/wiki/Bohunice_Nuclear_Power_Plant
Shut Down,SPAIN,ES-1,JOSE CABRERA-1, PWR,7/1/1968,8/1/1969,4/1/2006,https://en.wikipedia.org/wiki/Jos%25C3%25A9_Cabrera_Nuclear_Power_Station,https://en.wikipedia.org/wiki/Jos%25C3%25A9_Cabrera_Nuclear_Power_Station
Shut Down,SPAIN,ES-2,SANTA MARIA DE GARONA, BWR,3/1/1971,5/1/1971,8/1/2017,https://en.wikipedia.org/wiki/Santa_Mar%25C3%25ADa_de_Garo%25C3%25B1a_Nuclear_Power_Plant,https://en.wikipedia.org/wiki/Santa_Mar%25C3%25ADa_de_Garo%25C3%25B1a_Nuclear_Power_Plant
Shut Down,SPAIN,ES-3,VANDELLOS-1, GCR,5/1/1972,8/1/1972,7/1/1990,https://en.wikipedia.org/wiki/Vandell%25C3%25B2s_Nuclear_Power_Plant,https://en.wikipedia.org/wiki/Vandell%25C3%25B2s_Nuclear_Power_Plant
Shut Down,SWEDEN,SE-1,AGESTA, PHWR,5/1/1964,5/1/1964,6/1/1974,https://en.wikipedia.org/wiki/%25C3%2585gesta_Nuclear_Plant,https://en.wikipedia.org/wiki/%25C3%2585gesta_Nuclear_Plant
Shut Down,SWEDEN,SE-6,BARSEBACK-1, BWR,5/1/1975,7/1/1975,11/1/1999,https://en.wikipedia.org/wiki/Barseb%25C3%25A4ck_Nuclear_Power_Plant,https://en.wikipedia.org/wiki/Barseb%25C3%25A4ck_Nuclear_Power_Plant
Shut Down,SWEDEN,SE-2,OSKARSHAMN-1, BWR,8/1/1971,2/1/1972,6/1/2017,https://en.wikipedia.org/wiki/Oskarshamn_Nuclear_Power_Plant,https://en.wikipedia.org/wiki/Oskarshamn_Nuclear_Power_Plant
Shut Down,SWEDEN,SE-5,RINGHALS-2, PWR,8/1/1974,5/1/1975,12/1/2019,https://en.wikipedia.org/wiki/Ringhals_Nuclear_Power_Plant,https://en.wikipedia.org/wiki/Ringhals_Nuclear_Power_Plant
Shut Down,SWITZERLAND,CH-8,LUCENS, HWGCR,1/1/1968,,1/1/1969,https://en.wikipedia.org/wiki/Lucens_reactor,https://en.wikipedia.org/wiki/Lucens_reactor
Shut Down,SWITZERLAND,CH-2,MUEHLEBERG, BWR,7/1/1971,11/1/1972,12/1/2019,https://en.wikipedia.org/wiki/M%25C3%25BChleberg_Nuclear_Power_Plant,https://en.wikipedia.org/wiki/M%25C3%25BChleberg_Nuclear_Power_Plant
Shut Down,UK,GB-3A,BERKELEY-1, GCR,6/1/1962,6/1/1962,3/1/1989,https://en.wikipedia.org/wiki/Berkeley_nuclear_power_station,https://en.wikipedia.org/wiki/Berkeley_nuclear_power_station
Shut Down,UK,GB-4A,BRADWELL-1, GCR,7/1/1962,7/1/1962,3/1/2002,https://en.wikipedia.org/wiki/Bradwell_nuclear_power_station,https://en.wikipedia.org/wiki/Bradwell_nuclear_power_station
Shut Down,UK,GB-1A,CALDER HALL-1, GCR,8/1/1956,10/1/1956,3/1/2003,https://en.wikipedia.org/wiki/Sellafield,https://www.world-nuclear.org/reactor/default.aspx/CALDER%2520HALL-1
Shut Down,UK,GB-2A,CHAPELCROSS-1, GCR,2/1/1959,3/1/1959,6/1/2004,https://en.wikipedia.org/wiki/Chapelcross_nuclear_power_station,https://en.wikipedia.org/wiki/Chapelcross_nuclear_power_station
Shut Down,UK,GB-14,DOUNREAY DFR, FBR,10/1/1962,10/1/1962,3/1/1977,https://en.wikipedia.org/wiki/Dounreay,https://en.wikipedia.org/wiki/Dounreay
Shut Down,UK,GB-15,DOUNREAY PFR, FBR,1/1/1975,7/1/1976,3/1/1994,https://en.wikipedia.org/wiki/Dounreay,https://en.wikipedia.org/wiki/Dounreay
Shut Down,UK,GB-9A,DUNGENESS A-1, GCR,9/1/1965,10/1/1965,12/1/2006,https://en.wikipedia.org/wiki/Dungeness_nuclear_power_station,https://en.wikipedia.org/wiki/Dungeness_nuclear_power_station
Shut Down,UK,GB-7A,HINKLEY POINT A-1, GCR,2/1/1965,3/1/1965,5/1/2000,https://en.wikipedia.org/wiki/Hinkley_Point_A_nuclear_power_station,https://en.wikipedia.org/wiki/Hinkley_Point_A_nuclear_power_station
Shut Down,UK,GB-6A,HUNTERSTON A-1, GCR,2/1/1964,2/1/1964,3/1/1990,https://en.wikipedia.org/wiki/Hunterston_A_nuclear_power_station,https://en.wikipedia.org/wiki/Hunterston_A_nuclear_power_station
Shut Down,UK,GB-11A,OLDBURY A-1, GCR,11/1/1967,12/1/1967,2/1/2012,https://en.wikipedia.org/wiki/Oldbury_nuclear_power_station,https://en.wikipedia.org/wiki/Oldbury_nuclear_power_station
Shut Down,UK,GB-10A,SIZEWELL A-1, GCR,1/1/1966,3/1/1966,12/1/2006,https://en.wikipedia.org/wiki/Sizewell_nuclear_power_stations,https://en.wikipedia.org/wiki/Sizewell_nuclear_power_stations
Shut Down,UK,GB-8A,TRAWSFYNYDD-1, GCR,1/1/1965,3/1/1965,2/1/1991,https://en.wikipedia.org/wiki/Trawsfynydd_nuclear_power_station,https://en.wikipedia.org/wiki/Trawsfynydd_nuclear_power_station
Shut Down,UK,GB-5,WINDSCALE AGR, GCR,2/1/1963,3/1/1963,4/1/1981,https://en.wikipedia.org/wiki/Advanced_Gas-cooled_Reactor,https://en.wikipedia.org/wiki/Advanced_Gas-cooled_Reactor
Shut Down,UK,GB-12,WINFRITH SGHWR, SGHWR,12/1/1967,1/1/1968,9/1/1990,https://en.wikipedia.org/wiki/Steam-Generating_Heavy_Water_Reactor,https://en.wikipedia.org/wiki/Steam-Generating_Heavy_Water_Reactor
Shut Down,UK,GB-13A,WYLFA-1, GCR,1/1/1971,11/1/1971,12/1/2015,https://en.wikipedia.org/wiki/Wylfa_nuclear_power_station,https://en.wikipedia.org/wiki/Wylfa_nuclear_power_station
Shut Down,UKRAINE,UA-25,CHERNOBYL-1, LWGR,9/1/1977,5/1/1978,11/1/1996,https://en.wikipedia.org/wiki/Chernobyl_Nuclear_Power_Plant,https://en.wikipedia.org/wiki/Chernobyl_Nuclear_Power_Plant
Shut Down,USA,US-155,BIG ROCK POINT, BWR,12/1/1962,3/1/1963,8/1/1997,https://en.wikipedia.org/wiki/Big_Rock_Point_Nuclear_Power_Plant,https://en.wikipedia.org/wiki/Big_Rock_Point_Nuclear_Power_Plant
Shut Down,USA,US-014,BONUS, BWR,8/1/1964,9/1/1965,6/1/1968,https://en.wikipedia.org/wiki/Boiling_Nuclear_Superheater_(BONUS)_Reactor_Facility,https://en.wikipedia.org/wiki/Boiling_Nuclear_Superheater_(BONUS)_Reactor_Facility
Shut Down,USA,US-302,CRYSTAL RIVER-3, PWR,1/1/1977,3/1/1977,2/1/2013,https://en.wikipedia.org/wiki/Crystal_River_Nuclear_Plant,https://en.wikipedia.org/wiki/Crystal_River_Nuclear_Plant
Shut Down,USA,US-144,CVTR, PHWR,12/1/1963,12/1/1963,1/1/1967,https://en.wikipedia.org/wiki/Carolinas%25E2%2580%2593Virginia_Tube_Reactor,https://en.wikipedia.org/wiki/Carolinas%25E2%2580%2593Virginia_Tube_Reactor
Shut Down,USA,US-10,DRESDEN-1, BWR,4/1/1960,7/1/1960,10/1/1978,https://en.wikipedia.org/wiki/Dresden_Generating_Station,https://en.wikipedia.org/wiki/Dresden_Generating_Station
Shut Down,USA,US-011,ELK RIVER, BWR,8/1/1963,7/1/1964,2/1/1968,https://en.wikipedia.org/wiki/Elk_River_Station,https://en.wikipedia.org/wiki/Elk_River_Station
Shut Down,USA,US-16,FERMI-1, FBR,8/1/1966,8/1/1966,11/1/1972,https://en.wikipedia.org/wiki/Enrico_Fermi_Nuclear_Generating_Station,https://www.nrc.gov/info-finder/decommissioning/power-reactor/enrico-fermi-atomic-power-plant-unit-1.html
Shut Down,USA,US-285,FORT CALHOUN-1, PWR,8/1/1973,9/1/1973,10/1/2016,https://en.wikipedia.org/wiki/Fort_Calhoun_Nuclear_Generating_Station,https://en.wikipedia.org/wiki/Fort_Calhoun_Nuclear_Generating_Station
Shut Down,USA,US-267,FORT ST. VRAIN, HTGR,12/1/1976,7/1/1979,8/1/1989,https://en.wikipedia.org/wiki/Fort_St._Vrain_Generating_Station,https://en.wikipedia.org/wiki/Fort_St._Vrain_Generating_Station
Shut Down,USA,US-018,GE VALLECITOS, BWR,10/1/1957,10/1/1957,12/1/1963,https://en.wikipedia.org/wiki/Vallecitos_Nuclear_Center,https://en.wikipedia.org/wiki/Vallecitos_Nuclear_Center
Shut Down,USA,US-213,HADDAM NECK, PWR,8/1/1967,1/1/1968,12/1/1996,https://en.wikipedia.org/wiki/Connecticut_Yankee_Nuclear_Power_Plant,https://en.wikipedia.org/wiki/Connecticut_Yankee_Nuclear_Power_Plant
Shut Down,USA,US-077,HALLAM, X,9/1/1963,11/1/1963,9/1/1964,https://en.wikipedia.org/wiki/Hallam_Nuclear_Power_Facility,https://www.lm.doe.gov/Hallam/fact_sheet.pdf
Shut Down,USA,US-133,HUMBOLDT BAY, BWR,4/1/1963,8/1/1963,7/1/1976,https://en.wikipedia.org/wiki/Humboldt_Bay_Nuclear_Power_Plant,https://en.wikipedia.org/wiki/Humboldt_Bay_Nuclear_Power_Plant
Shut Down,USA,US-013,INDIAN POINT-1, PWR,9/1/1962,10/1/1962,10/1/1974,https://en.wikipedia.org/wiki/Indian_Point_Energy_Center,https://www.nrc.gov/info-finder/decommissioning/power-reactor/indian-point-unit-1.html
Shut Down,USA,US-305,KEWAUNEE, PWR,4/1/1974,6/1/1974,5/1/2013,https://en.wikipedia.org/wiki/Kewaunee_Power_Station,https://en.wikipedia.org/wiki/Kewaunee_Power_Station
Shut Down,USA,US-409,LACROSSE, BWR,4/1/1968,11/1/1969,4/1/1987,https://en.wikipedia.org/wiki/La_Crosse_Boiling_Water_Reactor,https://en.wikipedia.org/wiki/La_Crosse_Boiling_Water_Reactor
Shut Down,USA,US-309,MAINE YANKEE, PWR,11/1/1972,12/1/1972,8/1/1997,https://en.wikipedia.org/wiki/Maine_Yankee_Nuclear_Power_Plant,https://en.wikipedia.org/wiki/Maine_Yankee_Nuclear_Power_Plant
Shut Down,USA,US-245,MILLSTONE-1, BWR,11/1/1970,3/1/1971,7/1/1998,https://en.wikipedia.org/wiki/Millstone_Nuclear_Power_Plant,https://en.wikipedia.org/wiki/Millstone_Nuclear_Power_Plant
Shut Down,USA,US-219,OYSTER CREEK, BWR,9/1/1969,12/1/1969,9/1/2018,https://en.wikipedia.org/wiki/Oyster_Creek_Nuclear_Generating_Station,https://en.wikipedia.org/wiki/Oyster_Creek_Nuclear_Generating_Station
Shut Down,USA,US-130,PATHFINDER, BWR,7/1/1966,8/1/1966,10/1/1967,https://en.wikipedia.org/wiki/Pathfinder_Nuclear_Generating_Station,https://en.wikipedia.org/wiki/Pathfinder_Nuclear_Generating_Station
Shut Down,USA,US-171,PEACH BOTTOM-1, HTGR,1/1/1967,6/1/1967,11/1/1974,https://en.wikipedia.org/wiki/Peach_Bottom_Nuclear_Generating_Station,https://en.wikipedia.org/wiki/Peach_Bottom_Nuclear_Generating_Station
Shut Down,USA,US-293,PILGRIM-1, BWR,7/1/1972,12/1/1972,5/1/2019,https://en.wikipedia.org/wiki/Pilgrim_Nuclear_Power_Station,https://en.wikipedia.org/wiki/Pilgrim_Nuclear_Power_Station
Shut Down,USA,US-012,PIQUA, X,7/1/1963,11/1/1963,1/1/1966,https://en.wikipedia.org/wiki/Piqua_Nuclear_Generating_Station,https://en.wikipedia.org/wiki/Piqua_Nuclear_Generating_Station
Shut Down,USA,US-312,RANCHO SECO-1, PWR,10/1/1974,4/1/1975,6/1/1989,https://en.wikipedia.org/wiki/Rancho_Seco_Nuclear_Generating_Station,https://en.wikipedia.org/wiki/Rancho_Seco_Nuclear_Generating_Station
Shut Down,USA,US-206,SAN ONOFRE-1, PWR,7/1/1967,1/1/1968,11/1/1992,https://en.wikipedia.org/wiki/San_Onofre_Nuclear_Generating_Station,https://en.wikipedia.org/wiki/San_Onofre_Nuclear_Generating_Station
Shut Down,USA,US-146,SAXTON, PWR,3/1/1967,3/1/1967,5/1/1972,https://en.wikipedia.org/wiki/Saxton_Nuclear_Generating_Station,nan
Shut Down,USA,US-001,SHIPPINGPORT, PWR,12/1/1957,5/1/1958,10/1/1982,https://en.wikipedia.org/wiki/Shippingport_Atomic_Power_Station,https://en.wikipedia.org/wiki/Shippingport_Atomic_Power_Station
Shut Down,USA,US-322,SHOREHAM, BWR,8/1/1986,8/1/1986,5/1/1989,https://en.wikipedia.org/wiki/Shoreham_Nuclear_Power_Plant,https://en.wikipedia.org/wiki/Shoreham_Nuclear_Power_Plant
Shut Down,USA,US-289,THREE MILE ISLAND-1, PWR,6/1/1974,9/1/1974,9/1/2019,https://en.wikipedia.org/wiki/Three_Mile_Island_accident,https://en.wikipedia.org/wiki/Three_Mile_Island_Nuclear_Generating_Station
Shut Down,USA,US-344,TROJAN, PWR,12/1/1975,5/1/1976,11/1/1992,https://en.wikipedia.org/wiki/Trojan_Nuclear_Power_Plant,https://en.wikipedia.org/wiki/Trojan_Nuclear_Power_Plant
Shut Down,USA,US-271,VERMONT YANKEE, BWR,9/1/1972,11/1/1972,12/1/2014,https://en.wikipedia.org/wiki/Vermont_Yankee_Nuclear_Power_Plant,https://en.wikipedia.org/wiki/Vermont_Yankee_Nuclear_Power_Plant
Shut Down,USA,US-29,YANKEE NPS, PWR,11/1/1960,7/1/1961,10/1/1991,https://en.wikipedia.org/wiki/Yankee_Rowe_Nuclear_Power_Station,https://en.wikipedia.org/wiki/Yankee_Rowe_Nuclear_Power_Station
Shut Down,USA,US-295,ZION-1, PWR,6/1/1973,12/1/1973,2/1/1998,https://en.wikipedia.org/wiki/Zion_Nuclear_Power_Station,https://en.wikipedia.org/wiki/Zion_Nuclear_Power_Station
Operational,USA,US-346,DAVIS BESSE-1,PWR,8/1/1977,7/1/1978,1/1/2021,https://en.wikipedia.org/wiki/Davis%25E2%2580%2593Besse_Nuclear_Power_Station,https://en.wikipedia.org/wiki/Davis%25E2%2580%2593Besse_Nuclear_Power_Station
Operational,SPAIN,ES-8,ASCO-1,PWR,8/1/1983,12/1/1984,1/1/2021,https://en.wikipedia.org/wiki/Asc%25C3%25B3_Nuclear_Power_Plant,https://en.wikipedia.org/wiki/Asc%25C3%25B3_Nuclear_Power_Plant
Operational,SWITZERLAND,CH-4,GOESGEN,PWR,2/1/1979,11/1/1979,1/1/2021,https://en.wikipedia.org/wiki/G%25C3%25B6sgen_Nuclear_Power_Plant,https://www.world-nuclear.org/reactor/default.aspx/GOESGEN
Operational,CZECHREP.,CZ-23,TEMELIN-1,PWR,12/1/2000,6/1/2002,1/1/2021,https://en.wikipedia.org/wiki/Temel%25C3%25ADn_Nuclear_Power_Station,https://www.world-nuclear.org/information-library/country-profiles/countries-a-f/czech-republic.aspx
Operational,SLOVENIA,SI-1,KRSKO,PWR,10/1/1981,1/1/1983,1/1/2021,https://en.wikipedia.org/wiki/Kr%25C5%25A1ko_Nuclear_Power_Plant,https://en.wikipedia.org/wiki/Kr%25C5%25A1ko_Nuclear_Power_Plant
Operational,ROMANIA,RO-1,CERNAVODA-1,PHWR,7/1/1996,12/1/1996,1/1/2021,https://en.wikipedia.org/wiki/Cernavod%25C4%2583_Nuclear_Power_Plant,https://en.wikipedia.org/wiki/Cernavod%25C4%2583_Nuclear_Power_Plant
Operational,INDIA,IN-25,KUDANKULAM-1,PWR,10/1/2013,12/1/2014,1/1/2021,https://en.wikipedia.org/wiki/Kudankulam_Nuclear_Power_Plant,https://en.wikipedia.org/wiki/Kudankulam_Nuclear_Power_Plant
Operational,JAPAN,JP-58,HIGASHI DORI-1 (TOHOKU),BWR,3/1/2005,12/1/2005,1/1/2021,https://en.wikipedia.org/wiki/Higashid%25C5%258Dri_Nuclear_Power_Plant,https://en.wikipedia.org/wiki/Higashid%25C5%258Dri_Nuclear_Power_Plant
Operational,FRANCE,FR-40,CHINON B-1,PWR,11/1/1982,2/1/1984,1/1/2021,https://en.wikipedia.org/wiki/Chinon_Nuclear_Power_Plant,https://en.wikipedia.org/wiki/Chinon_Nuclear_Power_Plant
Operational,FRANCE,FR-36,PALUEL-1,PWR,6/1/1984,12/1/1985,1/1/2021,https://en.wikipedia.org/wiki/Paluel_Nuclear_Power_Plant,https://en.wikipedia.org/wiki/Paluel_Nuclear_Power_Plant
Operational,FRANCE,FR-72,CIVAUX-1,PWR,12/1/1997,1/1/2002,1/1/2021,https://en.wikipedia.org/wiki/Civaux_Nuclear_Power_Plant,https://en.wikipedia.org/wiki/Civaux_Nuclear_Power_Plant
Operational,FRANCE,FR-32,BLAYAIS-1,PWR,6/1/1981,12/1/1981,1/1/2021,https://en.wikipedia.org/wiki/Blayais_Nuclear_Power_Plant,https://en.wikipedia.org/wiki/Blayais_Nuclear_Power_Plant
Operational,FRANCE,FR-61,GOLFECH-1,PWR,6/1/1990,2/1/1991,1/1/2021,https://en.wikipedia.org/wiki/Golfech_Nuclear_Power_Plant,https://en.wikipedia.org/wiki/Golfech_Nuclear_Power_Plant
Operational,UK,GB-18A,DUNGENESS B-1,GCR,4/1/1983,4/1/1985,1/1/2021,https://en.wikipedia.org/wiki/Dungeness_nuclear_power_station,https://en.wikipedia.org/wiki/Dungeness_nuclear_power_station
Operational,SPAIN,ES-10,COFRENTES,BWR,10/1/1984,3/1/1985,1/1/2021,https://en.wikipedia.org/wiki/Cofrentes_Nuclear_Power_Plant,https://en.wikipedia.org/wiki/Cofrentes_Nuclear_Power_Plant
Operational,UK,GB-19A,HARTLEPOOL A-1,GCR,8/1/1983,4/1/1989,1/1/2021,https://en.wikipedia.org/wiki/Hartlepool_nuclear_power_station,https://en.wikipedia.org/wiki/Hartlepool_nuclear_power_station
Operational,FRANCE,FR-63,PENLY-1,PWR,5/1/1990,12/1/1990,1/1/2021,https://en.wikipedia.org/wiki/Penly_Nuclear_Power_Plant,https://en.wikipedia.org/wiki/Penly_Nuclear_Power_Plant
Operational,FRANCE,FR-17,ST. LAURENT B-1,PWR,1/1/1981,8/1/1983,1/1/2021,https://en.wikipedia.org/wiki/Saint-Laurent_Nuclear_Power_Plant,https://en.wikipedia.org/wiki/Saint-Laurent_Nuclear_Power_Plant
Operational,UK,GB-24,SIZEWELL B,PWR,2/1/1995,9/1/1995,1/1/2021,https://en.wikipedia.org/wiki/Sizewell_nuclear_power_stations,https://en.wikipedia.org/wiki/Sizewell_nuclear_power_stations
Operational,FRANCE,FR-46,FLAMANVILLE-1,PWR,12/1/1985,12/1/1986,1/1/2021,https://en.wikipedia.org/wiki/Flamanville_Nuclear_Power_Plant,https://en.wikipedia.org/wiki/Flamanville_Nuclear_Power_Plant
Operational,CHINA,CN-38,FANGCHENGGANG-1,PWR,10/1/2015,1/1/2016,1/1/2021,https://en.wikipedia.org/wiki/Fangchenggang_Nuclear_Power_Plant,https://en.wikipedia.org/wiki/Fangchenggang_Nuclear_Power_Plant
Operational,CHINA,CN-36,CHANGJIANG-1,PWR,11/1/2015,12/1/2015,1/1/2021,https://en.wikipedia.org/wiki/Changjiang_Nuclear_Power_Plant,https://en.wikipedia.org/wiki/Changjiang_Nuclear_Power_Plant
Operational,CHINA,CN-22,YANGJIANG-1,PWR,12/1/2013,3/1/2014,1/1/2021,https://en.wikipedia.org/wiki/Yangjiang_Nuclear_Power_Station,https://en.wikipedia.org/wiki/Yangjiang_Nuclear_Power_Station
Operational,USA,US-528,PALO VERDE-1,PWR,6/1/1985,1/1/1986,1/1/2021,https://en.wikipedia.org/wiki/Palo_Verde_Nuclear_Generating_Station,https://en.wikipedia.org/wiki/Palo_Verde_Nuclear_Generating_Station
Operational,CHINA,CN-32,TAISHAN-1,PWR,6/1/2018,12/1/2018,1/1/2021,https://en.wikipedia.org/wiki/Taishan_Nuclear_Power_Plant,https://en.wikipedia.org/wiki/Taishan_Nuclear_Power_Plant
Operational,CHINA,CN-2,DAYA BAY-1,PWR,8/1/1993,2/1/1994,1/1/2021,https://en.wikipedia.org/wiki/Daya_Bay_Nuclear_Power_Plant,https://en.wikipedia.org/wiki/Daya_Bay_Nuclear_Power_Plant
Operational,CHINA,CN-6,LING AO-1,PWR,2/1/2002,5/1/2002,1/1/2021,https://en.wikipedia.org/wiki/Ling_Ao_Nuclear_Power_Plant,https://en.wikipedia.org/wiki/Ling_Ao_Nuclear_Power_Plant
Operational,CHINA,CN-84,CEFR,FBR,7/1/2011,,1/1/2021,https://en.wikipedia.org/wiki/China_Experimental_Fast_Reactor,https://en.wikipedia.org/wiki/China_Experimental_Fast_Reactor
Operational,USA,US-397,COLUMBIA,BWR,5/1/1984,12/1/1984,1/1/2021,https://en.wikipedia.org/wiki/Columbia_Generating_Station,https://en.wikipedia.org/wiki/Columbia_Generating_Station
Operational,CHINA,CN-20,FUQING-1,PWR,8/1/2014,11/1/2014,1/1/2021,https://en.wikipedia.org/wiki/Fuqing_Nuclear_Power_Plant,https://en.wikipedia.org/wiki/Fuqing_Nuclear_Power_Plant
Operational,CHINA,CN-10,TIANWAN-1,PWR,5/1/2006,5/1/2007,1/1/2021,https://en.wikipedia.org/wiki/Tianwan_Nuclear_Power_Plant,https://en.wikipedia.org/wiki/Tianwan_Nuclear_Power_Plant
Operational,CHINA,CN-18,NINGDE-1,PWR,12/1/2012,4/1/2013,1/1/2021,https://en.wikipedia.org/wiki/Ningde_Nuclear_Power_Plant,https://en.wikipedia.org/wiki/Ningde_Nuclear_Power_Plant
Operational,USA,US-275,DIABLO CANYON-1,PWR,11/1/1984,5/1/1985,1/1/2021,https://en.wikipedia.org/wiki/Diablo_Canyon_Power_Plant,https://en.wikipedia.org/wiki/Diablo_Canyon_Power_Plant
Operational,CHINA,CN-24,FANGJIASHAN-1,PWR,11/1/2014,12/1/2014,1/1/2021,https://en.wikipedia.org/wiki/Fangjiashan_Nuclear_Power_Plant,https://en.wikipedia.org/wiki/Fangjiashan_Nuclear_Power_Plant
Operational,CHINA,CN-1,QINSHAN-1,PWR,12/1/1991,4/1/1994,1/1/2021,https://en.wikipedia.org/wiki/Qinshan_Nuclear_Power_Plant,https://en.wikipedia.org/wiki/Qinshan_Nuclear_Power_Plant
Operational,CHINA,CN-4,QINSHAN 2-1,PWR,2/1/2002,4/1/2002,1/1/2021,https://en.wikipedia.org/wiki/Qinshan_Nuclear_Power_Plant,https://en.wikipedia.org/wiki/Qinshan_Nuclear_Power_Plant
Operational,CHINA,CN-8,QINSHAN 3-1,PHWR,11/1/2002,12/1/2002,1/1/2021,https://en.wikipedia.org/wiki/Qinshan_Nuclear_Power_Plant,https://en.wikipedia.org/wiki/Qinshan_Nuclear_Power_Plant
Operational,CHINA,CN-30,HAIYANG-1,PWR,8/1/2018,10/1/2018,1/1/2021,https://en.wikipedia.org/wiki/Haiyang_Nuclear_Power_Plant,https://en.wikipedia.org/wiki/Haiyang_Nuclear_Power_Plant
Operational,CHINA,CN-16,HONGYANHE-1,PWR,2/1/2013,6/1/2013,1/1/2021,https://en.wikipedia.org/wiki/Hongyanhe_Nuclear_Power_Plant,https://en.wikipedia.org/wiki/Hongyanhe_Nuclear_Power_Plant
Operational,CHINA,CN-28,SANMEN-1,PWR,6/1/2018,9/1/2018,1/1/2021,https://en.wikipedia.org/wiki/Sanmen_Nuclear_Power_Station,https://en.wikipedia.org/wiki/Sanmen_Nuclear_Power_Station
Operational,"KOREA,REP.OF",KR-7,HANBIT-1,PWR,3/1/1986,8/1/1986,1/1/2021,https://en.wikipedia.org/wiki/Hanbit_Nuclear_Power_Plant,https://en.wikipedia.org/wiki/Hanbit_Nuclear_Power_Plant
Operational,"KOREA,REP.OF",KR-21,SHIN-KORI-1,PWR,8/1/2010,2/1/2011,1/1/2021,https://en.wikipedia.org/wiki/Kori_Nuclear_Power_Plant,https://en.wikipedia.org/wiki/Kori_Nuclear_Power_Plant
Operational,"KOREA,REP.OF",KR-9,HANUL-1,PWR,4/1/1988,9/1/1988,1/1/2021,https://en.wikipedia.org/wiki/Hanul_Nuclear_Power_Plant,https://en.wikipedia.org/wiki/Hanul_Nuclear_Power_Plant
Operational,JAPAN,JP-28,SENDAI-1,PWR,9/1/1983,7/1/1984,1/1/2021,https://en.wikipedia.org/wiki/Sendai_Nuclear_Power_Plant,https://en.wikipedia.org/wiki/Sendai_Nuclear_Power_Plant
Operational,JAPAN,JP-8,TAKAHAMA-1,PWR,3/1/1974,11/1/1974,1/1/2021,https://en.wikipedia.org/wiki/Takahama_Nuclear_Power_Plant,https://en.wikipedia.org/wiki/Takahama_Nuclear_Power_Plant
Operational,JAPAN,JP-48,SHIKA-1,BWR,1/1/1993,7/1/1993,1/1/2021,https://en.wikipedia.org/wiki/Shika_Nuclear_Power_Plant,https://en.wikipedia.org/wiki/Shika_Nuclear_Power_Plant
Operational,JAPAN,JP-33,KASHIWAZAKI KARIWA-1,BWR,2/1/1985,9/1/1985,1/1/2021,https://en.wikipedia.org/wiki/Kashiwazaki-Kariwa_Nuclear_Power_Plant,https://en.wikipedia.org/wiki/Kashiwazaki-Kariwa_Nuclear_Power_Plant
Operational,JAPAN,JP-43,TOMARI-1,PWR,12/1/1988,6/1/1989,1/1/2021,https://en.wikipedia.org/wiki/Tomari_Nuclear_Power_Plant,https://en.wikipedia.org/wiki/Tomari_Nuclear_Power_Plant
Operational,CZECHREP.,CZ-4,DUKOVANY-1,PWR,2/1/1985,5/1/1985,1/1/2021,https://en.wikipedia.org/wiki/Dukovany_Nuclear_Power_Station,https://www.world-nuclear.org/information-library/country-profiles/countries-a-f/czech-republic.aspx
Operational,RUSSIA,RU-151,AKADEMIK LOMONOSOV-1,PWR,12/1/2019,5/1/2020,1/1/2021,https://en.wikipedia.org/wiki/Akademik_Lomonosov,https://en.wikipedia.org/wiki/Akademik_Lomonosov
Operational,SWEDEN,SE-9,FORSMARK-1,BWR,6/1/1980,12/1/1980,1/1/2021,https://en.wikipedia.org/wiki/Forsmark_Nuclear_Power_Plant,https://en.wikipedia.org/wiki/Forsmark_Nuclear_Power_Plant
Operational,SOUTHAFRICA,ZA-1,KOEBERG-1,PWR,4/1/1984,7/1/1984,1/1/2021,https://en.wikipedia.org/wiki/Koeberg_Nuclear_Power_Station,https://en.wikipedia.org/wiki/Koeberg_Nuclear_Power_Station
Operational,SLOVAKIA,SK-6,MOCHOVCE-1,PWR,7/1/1998,10/1/1998,1/1/2021,https://en.wikipedia.org/wiki/Mochovce_Nuclear_Power_Plant,https://en.wikipedia.org/wiki/Mochovce_Nuclear_Power_Plant
Operational,HUNGARY,HU-1,PAKS-1,PWR,12/1/1982,8/1/1983,1/1/2021,https://en.wikipedia.org/wiki/Paks_Nuclear_Power_Plant,https://en.wikipedia.org/wiki/Paks_Nuclear_Power_Plant
Operational,FRANCE,FR-20,GRAVELINES-1,PWR,3/1/1980,11/1/1980,1/1/2021,https://en.wikipedia.org/wiki/Gravelines_Nuclear_Power_Station,https://en.wikipedia.org/wiki/Gravelines_Nuclear_Power_Station
Operational,UK,GB-23A,TORNESS-1,GCR,5/1/1988,5/1/1988,1/1/2021,https://en.wikipedia.org/wiki/Torness_nuclear_power_station,https://www.world-nuclear.org/reactor/default.aspx/TORNESS-1
Operational,FRANCE,FR-22,DAMPIERRE-1,PWR,3/1/1980,9/1/1980,1/1/2021,https://en.wikipedia.org/wiki/Dampierre_Nuclear_Power_Plant,https://en.wikipedia.org/wiki/Dampierre_Nuclear_Power_Plant
Operational,SPAIN,ES-11,TRILLO-1,PWR,5/1/1988,8/1/1988,1/1/2021,https://en.wikipedia.org/wiki/Trillo_Nuclear_Power_Plant,https://en.wikipedia.org/wiki/Trillo_Nuclear_Power_Plant
Operational,FRANCE,FR-54,BELLEVILLE-1,PWR,10/1/1987,6/1/1988,1/1/2021,https://en.wikipedia.org/wiki/Belleville_Nuclear_Power_Plant,https://en.wikipedia.org/wiki/Belleville_Nuclear_Power_Plant
Operational,UK,GB-20A,HEYSHAM A-1,GCR,7/1/1983,4/1/1989,1/1/2021,https://en.wikipedia.org/wiki/Heysham_nuclear_power_station,https://en.wikipedia.org/wiki/Heysham_nuclear_power_station
Operational,UK,GB-22A,HEYSHAM B-1,GCR,7/1/1988,4/1/1989,1/1/2021,https://en.wikipedia.org/wiki/Heysham_nuclear_power_station,https://en.wikipedia.org/wiki/Heysham_nuclear_power_station
Operational,FINLAND,FI-3,OLKILUOTO-1,BWR,9/1/1978,10/1/1979,1/1/2021,https://en.wikipedia.org/wiki/Olkiluoto_Nuclear_Power_Plant,https://en.wikipedia.org/wiki/Olkiluoto_Nuclear_Power_Plant
Operational,UKRAINE,UA-27,ROVNO-1,PWR,12/1/1980,9/1/1981,1/1/2021,https://en.wikipedia.org/wiki/Rivne_Nuclear_Power_Plant,https://en.wikipedia.org/wiki/Rivne_Nuclear_Power_Plant
Operational,FINLAND,FI-1,LOVIISA-1,PWR,2/1/1977,5/1/1977,1/1/2021,https://en.wikipedia.org/wiki/Loviisa_Nuclear_Power_Plant,https://en.wikipedia.org/wiki/Loviisa_Nuclear_Power_Plant
Operational,UKRAINE,UA-40,KHMELNITSKI-1,PWR,12/1/1987,8/1/1988,1/1/2021,https://en.wikipedia.org/wiki/Khmelnytskyi_Nuclear_Power_Plant,https://en.wikipedia.org/wiki/Khmelnytskyi_Nuclear_Power_Plant
Operational,RUSSIA,RU-163,LENINGRAD 2-1,PWR,3/1/2018,10/1/2018,1/1/2021,https://en.wikipedia.org/wiki/Leningrad_Nuclear_Power_Plant,https://en.wikipedia.org/wiki/Leningrad_Nuclear_Power_Plant
Operational,UK,GB-16A,HINKLEY POINT B-1,GCR,10/1/1976,10/1/1978,1/1/2021,https://en.wikipedia.org/wiki/Hinkley_Point_B_nuclear_power_station,https://en.wikipedia.org/wiki/Hinkley_Point_B_nuclear_power_station
Operational,FRANCE,FR-58,NOGENT-1,PWR,10/1/1987,2/1/1988,1/1/2021,https://en.wikipedia.org/wiki/Nogent_Nuclear_Power_Plant,https://en.wikipedia.org/wiki/Nogent_Nuclear_Power_Plant
Operational,NETHERLANDS,NL-2,BORSSELE,PWR,7/1/1973,10/1/1973,1/1/2021,https://en.wikipedia.org/wiki/Borssele_Nuclear_Power_Station,https://en.wikipedia.org/wiki/Borssele_Nuclear_Power_Station
Operational,UKRAINE,UA-44,SOUTH UKRAINE-1,PWR,12/1/1982,12/1/1983,1/1/2021,https://en.wikipedia.org/wiki/South_Ukraine_Nuclear_Power_Plant,https://en.wikipedia.org/wiki/South_Ukraine_Nuclear_Power_Plant
Operational,RUSSIA,RU-12,KOLA-1,PWR,6/1/1973,12/1/1973,1/1/2021,https://en.wikipedia.org/wiki/Kola_Nuclear_Power_Plant,https://en.wikipedia.org/wiki/Kola_Nuclear_Power_Plant
Operational,RUSSIA,RU-23,SMOLENSK-1,LWGR,12/1/1982,9/1/1983,1/1/2021,https://en.wikipedia.org/wiki/Smolensk_Nuclear_Power_Plant,https://en.wikipedia.org/wiki/Smolensk_Nuclear_Power_Plant
Operational,UKRAINE,UA-54,ZAPOROZHYE-1,PWR,12/1/1984,12/1/1985,1/1/2021,https://en.wikipedia.org/wiki/Zaporizhzhia_Nuclear_Power_Plant,https://en.wikipedia.org/wiki/Zaporizhzhia_Nuclear_Power_Plant
Operational,RUSSIA,RU-30,KALININ-1,PWR,5/1/1984,6/1/1985,1/1/2021,https://en.wikipedia.org/wiki/Kalinin_Nuclear_Power_Plant,https://en.wikipedia.org/wiki/Kalinin_Nuclear_Power_Plant
Operational,RUSSIA,RU-17,KURSK-1,LWGR,12/1/1976,10/1/1977,1/1/2021,https://en.wikipedia.org/wiki/Kursk_Nuclear_Power_Plant,https://en.wikipedia.org/wiki/Kursk_Nuclear_Power_Plant
Operational,RUSSIA,RU-161,NOVOVORONEZH 2-1,PWR,8/1/2016,2/1/2017,1/1/2021,https://en.wikipedia.org/wiki/Novovoronezh_Nuclear_Power_Plant_II,https://en.wikipedia.org/wiki/Novovoronezh_Nuclear_Power_Plant_II
Operational,BELGIUM,BE-2,DOEL-1,PWR,8/1/1974,2/1/1975,1/1/2021,https://en.wikipedia.org/wiki/Doel_Nuclear_Power_Station,https://en.wikipedia.org/wiki/Doel_Nuclear_Power_Station
Operational,FRANCE,FR-18,TRICASTIN-1,PWR,5/1/1980,12/1/1980,1/1/2021,https://en.wikipedia.org/wiki/Tricastin_Nuclear_Power_Plant,https://en.wikipedia.org/wiki/Tricastin_Nuclear_Power_Plant
Operational,FRANCE,FR-48,ST. ALBAN-1,PWR,8/1/1985,5/1/1986,1/1/2021,https://en.wikipedia.org/wiki/Saint-Alban_Nuclear_Power_Plant,https://en.wikipedia.org/wiki/Saint-Alban_Nuclear_Power_Plant
Operational,FRANCE,FR-42,CRUAS-1,PWR,4/1/1983,4/1/1984,1/1/2021,https://en.wikipedia.org/wiki/Cruas_Nuclear_Power_Plant,https://en.wikipedia.org/wiki/Cruas_Nuclear_Power_Plant
Operational,FRANCE,FR-62,CHOOZ B-1,PWR,8/1/1996,5/1/2000,1/1/2021,https://en.wikipedia.org/wiki/Chooz_Nuclear_Power_Plant,https://en.wikipedia.org/wiki/Chooz_Nuclear_Power_Plant
Operational,UK,GB-17A,HUNTERSTON B-1,GCR,2/1/1976,2/1/1976,1/1/2021,https://en.wikipedia.org/wiki/Hunterston_B_nuclear_power_station,https://en.wikipedia.org/wiki/Hunterston_B_nuclear_power_station
Operational,RUSSIA,RU-59,ROSTOV-1,PWR,3/1/2001,12/1/2001,1/1/2021,https://en.wikipedia.org/wiki/Rostov_Nuclear_Power_Plant,https://en.wikipedia.org/wiki/Rostov_Nuclear_Power_Plant
Operational,BRAZIL,BR-1,ANGRA-1,PWR,4/1/1982,1/1/1985,1/1/2021,https://en.wikipedia.org/wiki/Angra_Nuclear_Power_Plant,https://en.wikipedia.org/wiki/Angra_Nuclear_Power_Plant
Operational,RUSSIA,RU-96,BALAKOVO-1,PWR,12/1/1985,5/1/1986,1/1/2021,https://en.wikipedia.org/wiki/Balakovo_Nuclear_Power_Plant,https://en.wikipedia.org/wiki/Balakovo_Nuclear_Power_Plant
Operational,BELGIUM,BE-3,TIHANGE-1,PWR,3/1/1975,10/1/1975,1/1/2021,https://en.wikipedia.org/wiki/Tihange_Nuclear_Power_Station,nan
Operational,SPAIN,ES-6,ALMARAZ-1,PWR,5/1/1981,9/1/1983,1/1/2021,https://en.wikipedia.org/wiki/Almaraz_Nuclear_Power_Plant,https://en.wikipedia.org/wiki/Almaraz_Nuclear_Power_Plant
Operational,"IRAN,ISL.REP.",IR-1,BUSHEHR-1,PWR,9/1/2011,9/1/2013,1/1/2021,https://en.wikipedia.org/wiki/Bushehr_Nuclear_Power_Plant,https://en.wikipedia.org/wiki/Bushehr_Nuclear_Power_Plant
Operational,ARGENTINA,AR-1,ATUCHA-1,PHWR,3/1/1974,6/1/1974,1/1/2021,https://en.wikipedia.org/wiki/Atucha_Nuclear_Power_Plant,https://en.wikipedia.org/wiki/Atucha_Nuclear_Power_Plant
Operational,FRANCE,FR-50,CATTENOM-1,PWR,11/1/1986,4/1/1987,1/1/2021,https://en.wikipedia.org/wiki/Cattenom_Nuclear_Power_Plant,https://en.wikipedia.org/wiki/Cattenom_Nuclear_Power_Plant
Operational,ARGENTINA,AR-2,EMBALSE,PHWR,4/1/1983,1/1/1984,1/1/2021,https://en.wikipedia.org/wiki/Embalse_Nuclear_Power_Station,https://en.wikipedia.org/wiki/Embalse_Nuclear_Power_Station
Operational,CANADA,CA-17,POINT LEPREAU,PHWR,9/1/1982,2/1/1983,1/1/2021,https://en.wikipedia.org/wiki/Point_Lepreau_Nuclear_Generating_Station,https://en.wikipedia.org/wiki/Point_Lepreau_Nuclear_Generating_Station
Operational,PAKISTAN,PK-1,KANUPP-1,PHWR,10/1/1971,12/1/1972,1/1/2021,https://en.wikipedia.org/wiki/Karachi_Nuclear_Power_Complex,https://en.wikipedia.org/wiki/Karachi_Nuclear_Power_Complex
Operational,GERMANY,DE-33,EMSLAND,PWR,4/1/1988,6/1/1988,1/1/2021,https://en.wikipedia.org/wiki/Emsland_Nuclear_Power_Plant,https://en.wikipedia.org/wiki/Emsland_Nuclear_Power_Plant
Operational,FRANCE,FR-11,FESSENHEIM-1,PWR,4/1/1977,1/1/1978,1/1/2021,https://en.wikipedia.org/wiki/Fessenheim_Nuclear_Power_Plant,https://en.wikipedia.org/wiki/Fessenheim_Nuclear_Power_Plant
Operational,USA,US-443,SEABROOK-1,PWR,5/1/1990,8/1/1990,1/1/2021,https://en.wikipedia.org/wiki/Seabrook_Station_Nuclear_Power_Plant,https://en.wikipedia.org/wiki/Seabrook_Station_Nuclear_Power_Plant
Operational,PAKISTAN,PK-2,CHASNUPP-1,PWR,6/1/2000,9/1/2000,1/1/2021,https://en.wikipedia.org/wiki/Chashma_Nuclear_Power_Plant,https://en.wikipedia.org/wiki/Chashma_Nuclear_Power_Plant
Operational,INDIA,IN-1,TARAPUR-1,BWR,4/1/1969,10/1/1969,1/1/2021,https://en.wikipedia.org/wiki/Tarapur_Atomic_Power_Station,https://en.wikipedia.org/wiki/Tarapur_Atomic_Power_Station
Operational,INDIA,IN-9,KAKRAPAR-1,PHWR,11/1/1992,5/1/1993,1/1/2021,https://en.wikipedia.org/wiki/Kakrapar_Atomic_Power_Station,https://en.wikipedia.org/wiki/Kakrapar_Atomic_Power_Station
Operational,INDIA,IN-13,KAIGA-1,PHWR,10/1/2000,11/1/2000,1/1/2021,https://en.wikipedia.org/wiki/Kaiga_Atomic_Power_Station,https://en.wikipedia.org/wiki/Kaiga_Atomic_Power_Station
Operational,USA,US-272,SALEM-1,PWR,12/1/1976,6/1/1977,1/1/2021,https://en.wikipedia.org/wiki/Salem_Nuclear_Power_Plant,https://www.nrc.gov/info-finder/reactors/salm1.html
Operational,USA,US-354,HOPE CREEK-1,BWR,8/1/1986,12/1/1986,1/1/2021,https://en.wikipedia.org/wiki/Hope_Creek_Nuclear_Generating_Station,https://en.wikipedia.org/wiki/Hope_Creek_Nuclear_Generating_Station
Operational,USA,US-352,LIMERICK-1,BWR,4/1/1985,2/1/1986,1/1/2021,https://en.wikipedia.org/wiki/Limerick_Generating_Station,https://en.wikipedia.org/wiki/Limerick_Generating_Station
Operational,INDIA,IN-3,RAJASTHAN-1,PHWR,11/1/1972,12/1/1973,1/1/2021,https://en.wikipedia.org/wiki/Rajasthan_Atomic_Power_Station,https://en.wikipedia.org/wiki/Rajasthan_Atomic_Power_Station
Operational,USA,US-387,SUSQUEHANNA-1,BWR,11/1/1982,6/1/1983,1/1/2021,https://en.wikipedia.org/wiki/Susquehanna_Steam_Electric_Station,https://en.wikipedia.org/wiki/Susquehanna_Steam_Electric_Station
Operational,USA,US-333,FITZPATRICK,BWR,2/1/1975,7/1/1975,1/1/2021,https://en.wikipedia.org/wiki/James_A._FitzPatrick_Nuclear_Power_Plant,https://en.wikipedia.org/wiki/James_A._FitzPatrick_Nuclear_Power_Plant
Operational,USA,US-220,NINE MILE POINT-1,BWR,11/1/1969,12/1/1969,1/1/2021,https://en.wikipedia.org/wiki/Nine_Mile_Point_Nuclear_Generating_Station,https://en.wikipedia.org/wiki/Nine_Mile_Point_Nuclear_Generating_Station
Operational,USA,US-317,CALVERT CLIFFS-1,PWR,1/1/1975,5/1/1975,1/1/2021,https://en.wikipedia.org/wiki/Calvert_Cliffs_Nuclear_Power_Plant,https://en.wikipedia.org/wiki/Calvert_Cliffs_Nuclear_Power_Plant
Operational,USA,US-280,SURRY-1,PWR,7/1/1972,12/1/1972,1/1/2021,https://en.wikipedia.org/wiki/Surry_Nuclear_Power_Plant,https://en.wikipedia.org/wiki/Surry_Nuclear_Power_Plant
Operational,USA,US-244,GINNA,PWR,12/1/1969,7/1/1970,1/1/2021,https://en.wikipedia.org/wiki/R._E._Ginna_Nuclear_Power_Plant,https://en.wikipedia.org/wiki/R._E._Ginna_Nuclear_Power_Plant
Operational,USA,US-338,NORTH ANNA-1,PWR,4/1/1978,6/1/1978,1/1/2021,https://en.wikipedia.org/wiki/North_Anna_Nuclear_Generating_Station,https://en.wikipedia.org/wiki/North_Anna_Nuclear_Generating_Station
Operational,USA,US-325,BRUNSWICK-1,BWR,12/1/1976,3/1/1977,1/1/2021,https://en.wikipedia.org/wiki/Brunswick_Nuclear_Generating_Station,https://www.nrc.gov/info-finder/reactors/bru1.html
Operational,INDIA,IN-7,NARORA-1,PHWR,7/1/1989,1/1/1991,1/1/2021,https://en.wikipedia.org/wiki/Narora_Atomic_Power_Station,https://en.wikipedia.org/wiki/Narora_Atomic_Power_Station
Operational,CANADA,CA-22,DARLINGTON-1,PHWR,12/1/1990,11/1/1992,1/1/2021,https://en.wikipedia.org/wiki/Darlington_Nuclear_Generating_Station,https://en.wikipedia.org/wiki/Darlington_Nuclear_Generating_Station
Operational,USA,US-400,HARRIS-1,PWR,1/1/1987,5/1/1987,1/1/2021,https://en.wikipedia.org/wiki/Shearon_Harris_Nuclear_Power_Plant,https://www.nrc.gov/info-finder/reactors/har1.html
Operational,SWITZERLAND,CH-5,LEIBSTADT,BWR,5/1/1984,12/1/1984,1/1/2021,https://en.wikipedia.org/wiki/Leibstadt_Nuclear_Power_Plant,https://en.wikipedia.org/wiki/Leibstadt_Nuclear_Power_Plant
Operational,SWITZERLAND,CH-1,BEZNAU-1,PWR,7/1/1969,12/1/1969,1/1/2021,https://en.wikipedia.org/wiki/Beznau_Nuclear_Power_Plant,https://en.wikipedia.org/wiki/Beznau_Nuclear_Power_Plant
Operational,USA,US-261,ROBINSON-2,PWR,9/1/1970,3/1/1971,1/1/2021,https://en.wikipedia.org/wiki/H._B._Robinson_Nuclear_Generating_Station,https://www.nrc.gov/info-finder/reactors/rob2.html
Operational,INDIA,IN-5,MADRAS-1,PHWR,7/1/1983,1/1/1984,1/1/2021,https://en.wikipedia.org/wiki/Madras_Atomic_Power_Station,https://www.world-nuclear.org/reactor/default.aspx/MADRAS-1
Operational,USA,US-335,ST. LUCIE-1,PWR,5/1/1976,12/1/1976,1/1/2021,https://en.wikipedia.org/wiki/St._Lucie_Nuclear_Power_Plant,https://en.wikipedia.org/wiki/St._Lucie_Nuclear_Power_Plant
Operational,USA,US-250,TURKEY POINT-3,PWR,11/1/1972,12/1/1972,1/1/2021,https://en.wikipedia.org/wiki/Turkey_Point_Nuclear_Generating_Station,https://www.nrc.gov/info-finder/reactors/tp3.html
Operational,USA,US-334,BEAVER VALLEY-1,PWR,6/1/1976,10/1/1976,1/1/2021,https://en.wikipedia.org/wiki/Beaver_Valley_Nuclear_Power_Station,https://www.nrc.gov/info-finder/reactors/bv1.html
Operational,USA,US-369,MCGUIRE-1,PWR,9/1/1981,12/1/1981,1/1/2021,https://en.wikipedia.org/wiki/McGuire_Nuclear_Station,https://en.wikipedia.org/wiki/McGuire_Nuclear_Station
Operational,USA,US-413,CATAWBA-1,PWR,1/1/1985,6/1/1985,1/1/2021,https://en.wikipedia.org/wiki/Catawba_Nuclear_Station,https://en.wikipedia.org/wiki/Catawba_Nuclear_Station
Operational,USA,US-440,PERRY-1,BWR,12/1/1986,11/1/1987,1/1/2021,https://en.wikipedia.org/wiki/Perry_Nuclear_Generating_Station,https://en.wikipedia.org/wiki/Perry_Nuclear_Generating_Station
Operational,USA,US-395,SUMMER-1,PWR,11/1/1982,1/1/1984,1/1/2021,https://en.wikipedia.org/wiki/Virgil_C._Summer_Nuclear_Generating_Station,nan
Operational,CANADA,CA-8,BRUCE-1,PHWR,1/1/1977,9/1/1977,1/1/2021,https://en.wikipedia.org/wiki/Bruce_Nuclear_Generating_Station,https://en.wikipedia.org/wiki/Bruce_Nuclear_Generating_Station
Operational,USA,US-424,VOGTLE-1,PWR,3/1/1987,6/1/1987,1/1/2021,https://en.wikipedia.org/wiki/Vogtle_Electric_Generating_Plant,https://en.wikipedia.org/wiki/Vogtle_Electric_Generating_Plant
Operational,USA,US-321,HATCH-1,BWR,11/1/1974,12/1/1975,1/1/2021,https://en.wikipedia.org/wiki/Edwin_I._Hatch_Nuclear_Power_Plant,https://en.wikipedia.org/wiki/Edwin_I._Hatch_Nuclear_Power_Plant
Operational,USA,US-269,OCONEE-1,PWR,5/1/1973,7/1/1973,1/1/2021,https://en.wikipedia.org/wiki/Oconee_Nuclear_Station,https://www.nrc.gov/info-finder/reactors/oco1.html
Operational,USA,US-390,WATTS BAR-1,PWR,2/1/1996,5/1/1996,1/1/2021,https://en.wikipedia.org/wiki/Watts_Bar_Nuclear_Plant,https://en.wikipedia.org/wiki/Watts_Bar_Nuclear_Plant
Operational,USA,US-327,SEQUOYAH-1,PWR,7/1/1980,7/1/1981,1/1/2021,https://en.wikipedia.org/wiki/Sequoyah_Nuclear_Plant,https://en.wikipedia.org/wiki/Sequoyah_Nuclear_Plant
Operational,USA,US-348,FARLEY-1,PWR,8/1/1977,12/1/1977,1/1/2021,https://en.wikipedia.org/wiki/Joseph_M._Farley_Nuclear_Plant,https://en.wikipedia.org/wiki/Joseph_M._Farley_Nuclear_Plant
Operational,USA,US-255,PALISADES,PWR,12/1/1971,12/1/1971,1/1/2021,https://en.wikipedia.org/wiki/Palisades_Nuclear_Generating_Station,https://en.wikipedia.org/wiki/Palisades_Nuclear_Generating_Station
Operational,USA,US-315,COOK-1,PWR,2/1/1975,8/1/1975,1/1/2021,https://en.wikipedia.org/wiki/Donald_C._Cook_Nuclear_Plant,https://www.nrc.gov/info-finder/reactors/cook1.html
Operational,USA,US-259,BROWNS FERRY-1,BWR,10/1/1973,8/1/1974,1/1/2021,https://en.wikipedia.org/wiki/Browns_Ferry_Nuclear_Plant,https://en.wikipedia.org/wiki/Browns_Ferry_Nuclear_Plant
Operational,USA,US-266,POINT BEACH-1,PWR,11/1/1970,12/1/1970,1/1/2021,https://en.wikipedia.org/wiki/Point_Beach_Nuclear_Plant,https://en.wikipedia.org/wiki/Point_Beach_Nuclear_Plant
Operational,USA,US-456,BRAIDWOOD-1,PWR,7/1/1987,7/1/1988,1/1/2021,https://en.wikipedia.org/wiki/Braidwood_Nuclear_Generating_Station,https://en.wikipedia.org/wiki/Braidwood_Nuclear_Generating_Station
Operational,USA,US-373,LASALLE-1,BWR,9/1/1982,1/1/1984,1/1/2021,https://en.wikipedia.org/wiki/LaSalle_County_Nuclear_Generating_Station,https://www.nrc.gov/info-finder/reactors/lasa1.html
Operational,USA,US-461,CLINTON-1,BWR,4/1/1987,11/1/1987,1/1/2021,https://en.wikipedia.org/wiki/Clinton_Power_Station,https://en.wikipedia.org/wiki/Clinton_Power_Station
Operational,USA,US-454,BYRON-1,PWR,3/1/1985,9/1/1985,1/1/2021,https://en.wikipedia.org/wiki/Byron_Nuclear_Generating_Station,https://en.wikipedia.org/wiki/Byron_Nuclear_Generating_Station
Operational,GERMANY,DE-32,BROKDORF,PWR,10/1/1986,12/1/1986,1/1/2021,https://en.wikipedia.org/wiki/Brokdorf_Nuclear_Power_Plant,https://en.wikipedia.org/wiki/Brokdorf_Nuclear_Power_Plant
Operational,GERMANY,DE-27,GROHNDE,PWR,9/1/1984,2/1/1985,1/1/2021,https://en.wikipedia.org/wiki/Grohnde_Nuclear_Power_Plant,https://en.wikipedia.org/wiki/Grohnde_Nuclear_Power_Plant
Operational,USA,US-254,QUAD CITIES-1,BWR,4/1/1972,2/1/1973,1/1/2021,https://en.wikipedia.org/wiki/Quad_Cities_Nuclear_Generating_Station,https://en.wikipedia.org/wiki/Quad_Cities_Nuclear_Generating_Station
Operational,USA,US-382,WATERFORD-3,PWR,3/1/1985,9/1/1985,1/1/2021,https://en.wikipedia.org/wiki/Waterford_Nuclear_Generating_Station,https://en.wikipedia.org/wiki/Waterford_Nuclear_Generating_Station
Operational,USA,US-416,GRAND GULF-1,BWR,10/1/1984,7/1/1985,1/1/2021,https://en.wikipedia.org/wiki/Grand_Gulf_Nuclear_Station,https://en.wikipedia.org/wiki/Grand_Gulf_Nuclear_Station
Operational,USA,US-458,RIVER BEND-1,BWR,12/1/1985,6/1/1986,1/1/2021,https://en.wikipedia.org/wiki/River_Bend_Nuclear_Generating_Station,https://www.nrc.gov/info-finder/reactors/rbs1.html
Operational,USA,US-331,DUANE ARNOLD-1,BWR,5/1/1974,2/1/1975,1/1/2021,https://en.wikipedia.org/wiki/Duane_Arnold_Energy_Center,https://en.wikipedia.org/wiki/Duane_Arnold_Energy_Center
Operational,USA,US-483,CALLAWAY-1,PWR,10/1/1984,12/1/1984,1/1/2021,https://en.wikipedia.org/wiki/Callaway_Nuclear_Generating_Station,https://en.wikipedia.org/wiki/Callaway_Nuclear_Generating_Station
Operational,USA,US-282,PRAIRIE ISLAND-1,PWR,12/1/1973,12/1/1973,1/1/2021,https://en.wikipedia.org/wiki/Prairie_Island_Nuclear_Power_Plant,https://en.wikipedia.org/wiki/Prairie_Island_Nuclear_Power_Plant
Operational,USA,US-313,ANO-1,PWR,8/1/1974,12/1/1974,1/1/2021,https://en.wikipedia.org/wiki/Arkansas_Nuclear_One,https://www.nrc.gov/info-finder/reactors/ano1.html
Operational,USA,US-263,MONTICELLO,BWR,3/1/1971,6/1/1971,1/1/2021,https://en.wikipedia.org/wiki/Monticello_Nuclear_Generating_Plant,https://en.wikipedia.org/wiki/Monticello_Nuclear_Generating_Plant
Operational,USA,US-298,COOPER,BWR,5/1/1974,7/1/1974,1/1/2021,https://en.wikipedia.org/wiki/Cooper_Nuclear_Station,https://en.wikipedia.org/wiki/Cooper_Nuclear_Station
Operational,USA,US-482,WOLF CREEK,PWR,6/1/1985,9/1/1985,1/1/2021,https://en.wikipedia.org/wiki/Wolf_Creek_Generating_Station,https://en.wikipedia.org/wiki/Wolf_Creek_Generating_Station
Operational,USA,US-498,SOUTH TEXAS-1,PWR,3/1/1988,8/1/1988,1/1/2021,https://en.wikipedia.org/wiki/South_Texas_Nuclear_Generating_Station,https://www.nrc.gov/info-finder/reactors/stp1.html
Operational,MEXICO,MX-1,LAGUNA VERDE-1,BWR,4/1/1989,7/1/1990,1/1/2021,https://en.wikipedia.org/wiki/Laguna_Verde_Nuclear_Power_Station,https://en.wikipedia.org/wiki/Laguna_Verde_Nuclear_Power_Station
Operational,USA,US-445,COMANCHE PEAK-1,PWR,4/1/1990,8/1/1990,1/1/2021,https://en.wikipedia.org/wiki/Comanche_Peak_Nuclear_Power_Plant,https://en.wikipedia.org/wiki/Comanche_Peak_Nuclear_Power_Plant
